cdmTableName,cdmFieldName,conceptId,conceptName,unitConceptId,unitConceptName,plausibleValueLow,plausibleValueLowThreshold,plausibleValueLowNotes,plausibleValueHigh,plausibleValueHighThreshold,plausibleValueHighNotes,plausibleGender,plausibleGenderUseDescendants,plausibleGenderThreshold,plausibleGenderUseDescendantsThreshold,plausibleGenderNotes,isTemporallyConstant,isTemporallyConstantThreshold,isTemporallyConstantNotes,validPrevalenceLow,validPrevalenceLowThreshold,validPrevalenceLowNotes,validPrevalenceHigh,validPrevalenceHighThreshold,validPrevalenceHighNotes,plausibleUnitConceptIds,plausibleUnitConceptIdsThreshold,plausibleUnitConceptIdsNotes,numericalStatistics
VISIT_OCCURRENCE,VISIT_CONCEPT_ID,9201,Inpatient visit,,,,,,,,,,,,,,Yes,,,,,,,,,,,,
VISIT_OCCURRENCE,VISIT_CONCEPT_ID,9202,Outpatient visit,,,,,,,,,,,,,,Yes,,,,,,,,,,,,
VISIT_OCCURRENCE,VISIT_CONCEPT_ID,9203,ER visit,,,,,,,,,,,,,,Yes,,,,,,,,,,,,
CONDITION_OCCURRENCE,CONDITION_CONCEPT_ID,26662,Testicular hypofunction,,,,,,,,,Male,,5,,,,,,,,,,,,,,,
CONDITION_OCCURRENCE,CONDITION_CONCEPT_ID,26935,Disorder of endocrine testis,,,,,,,,,Male,,5,,,,,,,,,,,,,,,
CONDITION_OCCURRENCE,CONDITION_CONCEPT_ID,30969,Testicular hyperfunction,,,,,,,,,Male,,5,,,,,,,,,,,,,,,
CONDITION_OCCURRENCE,CONDITION_CONCEPT_ID,73801,Scrotal varices,,,,,,,,,Male,,5,,,,,,,,,,,,,,,
CONDITION_OCCURRENCE,CONDITION_CONCEPT_ID,74322,Benign neoplasm of scrotum,,,,,,,,,Male,,5,,,,,,,,,,,,,,,
CONDITION_OCCURRENCE,CONDITION_CONCEPT_ID,78193,Orchitis and epididymitis,,,,,,,,,Male,,5,,,,,,,,,,,,,,,
CONDITION_OCCURRENCE,CONDITION_CONCEPT_ID,79758,Primary malignant neoplasm of scrotum,,,,,,,,,Male,,5,,,,,,,,,,,,,,,
CONDITION_OCCURRENCE,CONDITION_CONCEPT_ID,80180,Osteoarthritis,,,,,,,,,,,,,,Yes,,,0.0584,,,0.5252,,,,,,
CONDITION_OCCURRENCE,CONDITION_CONCEPT_ID,80809,Rheumatoid arthritis,,,,,,,,,,,,,,Yes,,,0.0045,,,0.0405,,,,,,
CONDITION_OCCURRENCE,CONDITION_CONCEPT_ID,81893,Ulcerative colitis,,,,,,,,,,,,,,Yes,,,0.0014,,,0.0128,,,,,,
CONDITION_OCCURRENCE,CONDITION_CONCEPT_ID,81902,Urinary tract infectious disease,,,,,,,,,,,,,,Yes,,,0.0412,,,0.371,,,,,,
CONDITION_OCCURRENCE,CONDITION_CONCEPT_ID,140168,Psoriasis,,,,,,,,,,,,,,Yes,,,0.0055,,,0.0494,,,,,,
CONDITION_OCCURRENCE,CONDITION_CONCEPT_ID,141917,Balanitis xerotica obliterans,,,,,,,,,Male,,5,,,,,,,,,,,,,,,
CONDITION_OCCURRENCE,CONDITION_CONCEPT_ID,192367,Dysplasia of cervix,,,,,,,,,Female,,5,,,,,,,,,,,,,,,
CONDITION_OCCURRENCE,CONDITION_CONCEPT_ID,192671,Gastrointestinal hemorrhage,,,,,,,,,,,,,,Yes,,,0.0135,,,0.1219,,,,,,
CONDITION_OCCURRENCE,CONDITION_CONCEPT_ID,192676,Cervical intraepithelial neoplasia grade 1,,,,,,,,,Female,,5,,,,,,,,,,,,,,,
CONDITION_OCCURRENCE,CONDITION_CONCEPT_ID,192683,Uterovaginal prolapse,,,,,,,,,Female,,5,,,,,,,,,,,,,,,
CONDITION_OCCURRENCE,CONDITION_CONCEPT_ID,192854,Intramural leiomyoma of uterus,,,,,,,,,Female,,5,,,,,,,,,,,,,,,
CONDITION_OCCURRENCE,CONDITION_CONCEPT_ID,192858,Ovarian hyperfunction,,,,,,,,,Female,,5,,,,,,,,,,,,,,,
CONDITION_OCCURRENCE,CONDITION_CONCEPT_ID,193254,Disorder of vagina,,,,,,,,,Female,,5,,,,,,,,,,,,,,,
CONDITION_OCCURRENCE,CONDITION_CONCEPT_ID,193261,Vaginospasm,,,,,,,,,Female,,5,,,,,,,,,,,,,,,
CONDITION_OCCURRENCE,CONDITION_CONCEPT_ID,193262,Inflammatory disorder of penis,,,,,,,,,Male,,5,,,,,,,,,,,,,,,
CONDITION_OCCURRENCE,CONDITION_CONCEPT_ID,193277,Deliveries by cesarean,,,,,,,,,Female,,5,,,,,,,,,,,,,,,
CONDITION_OCCURRENCE,CONDITION_CONCEPT_ID,193437,Neoplasm of uncertain behavior of female genital organ,,,,,,,,,Female,,5,,,,,,,,,,,,,,,
CONDITION_OCCURRENCE,CONDITION_CONCEPT_ID,193439,Benign neoplasm of body of uterus,,,,,,,,,Female,,5,,,,,,,,,,,,,,,
CONDITION_OCCURRENCE,CONDITION_CONCEPT_ID,193522,Acute prostatitis,,,,,,,,,Male,,5,,,,,,,,,,,,,,,
CONDITION_OCCURRENCE,CONDITION_CONCEPT_ID,193530,Follicular cyst of ovary,,,,,,,,,Female,,5,,,,,,,,,,,,,,,
CONDITION_OCCURRENCE,CONDITION_CONCEPT_ID,193739,Ovarian failure,,,,,,,,,Female,,5,,,,,,,,,,,,,,,
CONDITION_OCCURRENCE,CONDITION_CONCEPT_ID,193818,Calculus of prostate,,,,,,,,,Male,,5,,,,,,,,,,,,,,,
CONDITION_OCCURRENCE,CONDITION_CONCEPT_ID,194092,Uterine prolapse without vaginal wall prolapse,,,,,,,,,Female,,5,,,,,,,,,,,,,,,
CONDITION_OCCURRENCE,CONDITION_CONCEPT_ID,194286,"Malignant neoplasm of corpus uteri, excluding isthmus",,,,,,,,,Female,,5,,,,,,,,,,,,,,,
CONDITION_OCCURRENCE,CONDITION_CONCEPT_ID,194412,Dysplasia of vagina,,,,,,,,,Female,,5,,,,,,,,,,,,,,,
CONDITION_OCCURRENCE,CONDITION_CONCEPT_ID,194420,Endometriosis of fallopian tube,,,,,,,,,Female,,5,,,,,,,,,,,,,,,
CONDITION_OCCURRENCE,CONDITION_CONCEPT_ID,194611,Carcinoma in situ of uterine cervix,,,,,,,,,Female,,5,,,,,,,,,,,,,,,
CONDITION_OCCURRENCE,CONDITION_CONCEPT_ID,194696,Dysmenorrhea,,,,,,,,,Female,,5,,,,,,,,,,,,,,,
CONDITION_OCCURRENCE,CONDITION_CONCEPT_ID,194871,Trichomonal vulvovaginitis,,,,,,,,,Female,,5,,,,,,,,,,,,,,,
CONDITION_OCCURRENCE,CONDITION_CONCEPT_ID,194997,Prostatitis,,,,,,,,,Male,,5,,,,,,,,,,,,,,,
CONDITION_OCCURRENCE,CONDITION_CONCEPT_ID,195009,Leukoplakia of penis,,,,,,,,,Male,,5,,,,,,,,,,,,,,,
CONDITION_OCCURRENCE,CONDITION_CONCEPT_ID,195012,Intermenstrual bleeding - irregular,,,,,,,,,Female,,5,,,,,,,,,,,,,,,
CONDITION_OCCURRENCE,CONDITION_CONCEPT_ID,195197,Primary malignant neoplasm of vulva,,,,,,,,,Female,,5,,,,,,,,,,,,,,,
CONDITION_OCCURRENCE,CONDITION_CONCEPT_ID,195316,Atypical endometrial hyperplasia,,,,,,,,,Female,,5,,,,,,,,,,,,,,,
CONDITION_OCCURRENCE,CONDITION_CONCEPT_ID,195321,Postmenopausal bleeding,,,,,,,,,Female,,5,,,,,,,,,,,,,,,
CONDITION_OCCURRENCE,CONDITION_CONCEPT_ID,195483,Primary malignant neoplasm of penis,,,,,,,,,Male,,5,,,,,,,,,,,,,,,
CONDITION_OCCURRENCE,CONDITION_CONCEPT_ID,195500,Benign neoplasm of uterus,,,,,,,,,Female,,5,,,,,,,,,,,,,,,
CONDITION_OCCURRENCE,CONDITION_CONCEPT_ID,195501,Polycystic ovaries,,,,,,,,,Female,,5,,,,,,,,,,,,,,,
CONDITION_OCCURRENCE,CONDITION_CONCEPT_ID,195683,Open wound of penis without complication,,,,,,,,,Male,,5,,,,,,,,,,,,,,,
CONDITION_OCCURRENCE,CONDITION_CONCEPT_ID,195769,Submucous leiomyoma of uterus,,,,,,,,,Female,,5,,,,,,,,,,,,,,,
CONDITION_OCCURRENCE,CONDITION_CONCEPT_ID,195770,Subserous leiomyoma of uterus,,,,,,,,,Female,,5,,,,,,,,,,,,,,,
CONDITION_OCCURRENCE,CONDITION_CONCEPT_ID,195793,Neoplasm of uncertain behavior of uterus,,,,,,,,,Female,,5,,,,,,,,,,,,,,,
CONDITION_OCCURRENCE,CONDITION_CONCEPT_ID,195867,Noninflammatory disorder of the vagina,,,,,,,,,Female,,5,,,,,,,,,,,,,,,
CONDITION_OCCURRENCE,CONDITION_CONCEPT_ID,195873,Leukorrhea,,,,,,,,,Female,,5,,,,,,,,,,,,,,,
CONDITION_OCCURRENCE,CONDITION_CONCEPT_ID,196048,Primary malignant neoplasm of vagina,,,,,,,,,Female,,5,,,,,,,,,,,,,,,
CONDITION_OCCURRENCE,CONDITION_CONCEPT_ID,196051,Overlapping malignant neoplasm of female genital organs,,,,,,,,,Female,,5,,,,,,,,,,,,,,,
CONDITION_OCCURRENCE,CONDITION_CONCEPT_ID,196068,Carcinoma in situ of male genital organ,,,,,,,,,Male,,5,,,,,,,,,,,,,,,
CONDITION_OCCURRENCE,CONDITION_CONCEPT_ID,196157,Induratio penis plastica,,,,,,,,,Male,,5,,,,,,,,,,,,,,,
CONDITION_OCCURRENCE,CONDITION_CONCEPT_ID,196158,Disorder of penis,,,,,,,,,Male,,5,,,,,,,,,,,,,,,
CONDITION_OCCURRENCE,CONDITION_CONCEPT_ID,196163,Cervicitis and endocervicitis,,,,,,,,,Female,,5,,,,,,,,,,,,,,,
CONDITION_OCCURRENCE,CONDITION_CONCEPT_ID,196165,Cervical intraepithelial neoplasia grade 2,,,,,,,,,Female,,5,,,,,,,,,,,,,,,
CONDITION_OCCURRENCE,CONDITION_CONCEPT_ID,196168,Irregular periods,,,,,,,,,Female,,5,,,,,,,,,,,,,,,
CONDITION_OCCURRENCE,CONDITION_CONCEPT_ID,196359,Primary malignant neoplasm of uterine cervix,,,,,,,,,Female,,5,,,,,,,,,,,,,,,
CONDITION_OCCURRENCE,CONDITION_CONCEPT_ID,196364,Benign neoplasm of uterine cervix,,,,,,,,,Female,,5,,,,,,,,,,,,,,,
CONDITION_OCCURRENCE,CONDITION_CONCEPT_ID,196473,Hypertrophy of uterus,,,,,,,,,Female,,5,,,,,,,,,,,,,,,
CONDITION_OCCURRENCE,CONDITION_CONCEPT_ID,196734,Disorder of prostate,,,,,,,,,Male,,5,,,,,,,,,,,,,,,
CONDITION_OCCURRENCE,CONDITION_CONCEPT_ID,196738,Disorder of male genital organ,,,,,,,,,Male,,5,,,,,,,,,,,,,,,
CONDITION_OCCURRENCE,CONDITION_CONCEPT_ID,196758,Tumor of body of uterus affecting pregnancy,,,,,,,,,Female,,5,,,,,,,,,,,,,,,
CONDITION_OCCURRENCE,CONDITION_CONCEPT_ID,197032,Hyperplasia of prostate,,,,,,,,,Male,,5,,,,,,,,,,,,,,,
CONDITION_OCCURRENCE,CONDITION_CONCEPT_ID,197039,Male genital organ vascular diseases,,,,,,,,,Male,,5,,,,,,,,,,,,,,,
CONDITION_OCCURRENCE,CONDITION_CONCEPT_ID,197044,Female infertility associated with anovulation,,,,,,,,,Female,,5,,,,,,,,,,,,,,,
CONDITION_OCCURRENCE,CONDITION_CONCEPT_ID,197236,Uterine leiomyoma,,,,,,,,,Female,,5,,,,,,,,,,,,,,,
CONDITION_OCCURRENCE,CONDITION_CONCEPT_ID,197237,Benign neoplasm of prostate,,,,,,,,,Male,,5,,,,,,,,,,,,,,,
CONDITION_OCCURRENCE,CONDITION_CONCEPT_ID,197494,Viral hepatitis C,,,,,,,,,,,,,,Yes,,,0.0017,,,0.0155,,,,,,
CONDITION_OCCURRENCE,CONDITION_CONCEPT_ID,197507,Primary malignant neoplasm of male genital organ,,,,,,,,,Male,,5,,,,,,,,,,,,,,,
CONDITION_OCCURRENCE,CONDITION_CONCEPT_ID,197508,Malignant tumor of urinary bladder,,,,,,,,,,,,,,Yes,,,0.0013,,,0.0113,,,,,,
CONDITION_OCCURRENCE,CONDITION_CONCEPT_ID,197601,Spermatocele,,,,,,,,,Male,,5,,,,,,,,,,,,,,,
CONDITION_OCCURRENCE,CONDITION_CONCEPT_ID,197605,Inflammatory disorder of male genital organ,,,,,,,,,Male,,5,,,,,,,,,,,,,,,
CONDITION_OCCURRENCE,CONDITION_CONCEPT_ID,197606,Female infertility of tubal origin,,,,,,,,,Female,,5,,,,,,,,,,,,,,,
CONDITION_OCCURRENCE,CONDITION_CONCEPT_ID,197607,Excessive and frequent menstruation,,,,,,,,,Female,,5,,,,,,,,,,,,,,,
CONDITION_OCCURRENCE,CONDITION_CONCEPT_ID,197609,"Cervical, vaginal and vulval inflammatory diseases",,,,,,,,,Female,,5,,,,,,,,,,,,,,,
CONDITION_OCCURRENCE,CONDITION_CONCEPT_ID,197610,Cyst of ovary,,,,,,,,,Female,,5,,,,,,,,,,,,,,,
CONDITION_OCCURRENCE,CONDITION_CONCEPT_ID,197938,Uterine inertia,,,,,,,,,Female,,5,,,,,,,,,,,,,,,
CONDITION_OCCURRENCE,CONDITION_CONCEPT_ID,198082,Overlapping malignant neoplasm of body of uterus,,,,,,,,,Female,,5,,,,,,,,,,,,,,,
CONDITION_OCCURRENCE,CONDITION_CONCEPT_ID,198108,Benign neoplasm of fallopian tubes and uterine ligaments,,,,,,,,,Female,,5,,,,,,,,,,,,,,,
CONDITION_OCCURRENCE,CONDITION_CONCEPT_ID,198194,Female genital organ symptoms,,,,,,,,,Female,,5,,,,,,,,,,,,,,,
CONDITION_OCCURRENCE,CONDITION_CONCEPT_ID,198197,Male infertility,,,,,,,,,Male,,5,,,,,,,,,,,,,,,
CONDITION_OCCURRENCE,CONDITION_CONCEPT_ID,198198,Polyp of vagina,,,,,,,,,Female,,5,,,,,,,,,,,,,,,
CONDITION_OCCURRENCE,CONDITION_CONCEPT_ID,198202,Cystocele,,,,,,,,,Female,,5,,,,,,,,,,,,,,,
CONDITION_OCCURRENCE,CONDITION_CONCEPT_ID,198212,Spotting per vagina in pregnancy,,,,,,,,,Female,,5,,,,,,,,,,,,,,,
CONDITION_OCCURRENCE,CONDITION_CONCEPT_ID,198363,Candidiasis of vagina,,,,,,,,,Female,,5,,,,,,,,,,,,,,,
CONDITION_OCCURRENCE,CONDITION_CONCEPT_ID,198471,Complex endometrial hyperplasia,,,,,,,,,Female,,5,,,,,,,,,,,,,,,
CONDITION_OCCURRENCE,CONDITION_CONCEPT_ID,198483,Stricture or atresia of the vagina,,,,,,,,,Female,,5,,,,,,,,,,,,,,,
CONDITION_OCCURRENCE,CONDITION_CONCEPT_ID,198803,Benign prostatic hyperplasia,,,,,,,,,Male,,5,,,,,,,,,,,,,,,
CONDITION_OCCURRENCE,CONDITION_CONCEPT_ID,198806,Abscess of prostate,,,,,,,,,Male,,5,,,,,,,,,,,,,,,
CONDITION_OCCURRENCE,CONDITION_CONCEPT_ID,199067,Female pelvic inflammatory disease,,,,,,,,,Female,,5,,,,,,,,,,,,,,,
CONDITION_OCCURRENCE,CONDITION_CONCEPT_ID,199078,Vaginal wall prolapse,,,,,,,,,Female,,5,,,,,,,,,,,,,,,
CONDITION_OCCURRENCE,CONDITION_CONCEPT_ID,199752,Secondary malignant neoplasm of ovary,,,,,,,,,Female,,5,,,,,,,,,,,,,,,
CONDITION_OCCURRENCE,CONDITION_CONCEPT_ID,199764,Benign neoplasm of ovary,,,,,,,,,Female,,5,,,,,,,,,,,,,,,
CONDITION_OCCURRENCE,CONDITION_CONCEPT_ID,199876,Prolapse of female genital organs,,,,,,,,,Female,,5,,,,,,,,,,,,,,,
CONDITION_OCCURRENCE,CONDITION_CONCEPT_ID,199877,Mucous polyp of cervix,,,,,,,,,Female,,5,,,,,,,,,,,,,,,
CONDITION_OCCURRENCE,CONDITION_CONCEPT_ID,199878,Light and infrequent menstruation,,,,,,,,,Female,,5,,,,,,,,,,,,,,,
CONDITION_OCCURRENCE,CONDITION_CONCEPT_ID,199881,Endometriosis of ovary,,,,,,,,,Female,,5,,,,,,,,,,,,,,,
CONDITION_OCCURRENCE,CONDITION_CONCEPT_ID,200051,Primary malignant neoplasm of ovary,,,,,,,,,Female,,5,,,,,,,,,,,,,,,
CONDITION_OCCURRENCE,CONDITION_CONCEPT_ID,200052,Primary malignant neoplasm of uterine adnexa,,,,,,,,,Female,,5,,,,,,,,,,,,,,,
CONDITION_OCCURRENCE,CONDITION_CONCEPT_ID,200147,Atrophy of prostate,,,,,,,,,Male,,5,,,,,,,,,,,,,,,
CONDITION_OCCURRENCE,CONDITION_CONCEPT_ID,200445,Chronic prostatitis,,,,,,,,,Male,,5,,,,,,,,,,,,,,,
CONDITION_OCCURRENCE,CONDITION_CONCEPT_ID,200452,Disorder of female genital organs,,,,,,,,,Female,,5,,,,,,,,,,,,,,,
CONDITION_OCCURRENCE,CONDITION_CONCEPT_ID,200461,Endometriosis of uterus,,,,,,,,,Female,,5,,,,,,,,,,,,,,,
CONDITION_OCCURRENCE,CONDITION_CONCEPT_ID,200670,Benign neoplasm of male genital organ,,,,,,,,,Male,,5,,,,,,,,,,,,,,,
CONDITION_OCCURRENCE,CONDITION_CONCEPT_ID,200675,Neoplasm of uncertain behavior of ovary,,,,,,,,,Female,,5,,,,,,,,,,,,,,,
CONDITION_OCCURRENCE,CONDITION_CONCEPT_ID,200775,Endometrial hyperplasia,,,,,,,,,Female,,5,,,,,,,,,,,,,,,
CONDITION_OCCURRENCE,CONDITION_CONCEPT_ID,200779,Polyp of corpus uteri,,,,,,,,,Female,,5,,,,,,,,,,,,,,,
CONDITION_OCCURRENCE,CONDITION_CONCEPT_ID,200780,Disorder of uterus,,,,,,,,,Female,,5,,,,,,,,,,,,,,,
CONDITION_OCCURRENCE,CONDITION_CONCEPT_ID,200962,Primary malignant neoplasm of prostate,,,,,,,,,Male,,5,,,Yes,,,0.0052,,,0.0471,,,,,,
CONDITION_OCCURRENCE,CONDITION_CONCEPT_ID,200970,Carcinoma in situ of prostate,,,,,,,,,Male,,5,,,,,,,,,,,,,,,
CONDITION_OCCURRENCE,CONDITION_CONCEPT_ID,201072,Benign prostatic hypertrophy without outflow obstruction,,,,,,,,,Male,,5,,,,,,,,,,,,,,,
CONDITION_OCCURRENCE,CONDITION_CONCEPT_ID,201078,Atrophic vaginitis,,,,,,,,,Female,,5,,,,,,,,,,,,,,,
CONDITION_OCCURRENCE,CONDITION_CONCEPT_ID,201211,Herpetic vulvovaginitis,,,,,,,,,Female,,5,,,,,,,,,,,,,,,
CONDITION_OCCURRENCE,CONDITION_CONCEPT_ID,201238,Primary malignant neoplasm of female genital organ,,,,,,,,,Female,,5,,,,,,,,,,,,,,,
CONDITION_OCCURRENCE,CONDITION_CONCEPT_ID,201244,Benign neoplasm of vagina,,,,,,,,,Female,,5,,,,,,,,,,,,,,,
CONDITION_OCCURRENCE,CONDITION_CONCEPT_ID,201257,Disorder of endocrine ovary,,,,,,,,,Female,,5,,,,,,,,,,,,,,,
CONDITION_OCCURRENCE,CONDITION_CONCEPT_ID,201346,Edema of penis,,,,,,,,,Male,,5,,,,,,,,,,,,,,,
CONDITION_OCCURRENCE,CONDITION_CONCEPT_ID,201355,Erosion and ectropion of the cervix,,,,,,,,,Female,,5,,,,,,,,,,,,,,,
CONDITION_OCCURRENCE,CONDITION_CONCEPT_ID,201527,Neoplasm of uncertain behavior of prostate,,,,,,,,,Male,,5,,,,,,,,,,,,,,,
CONDITION_OCCURRENCE,CONDITION_CONCEPT_ID,201606,Crohn's disease,,,,,,,,,,,,,,Yes,,,0.0012,,,0.0112,,,,,,
CONDITION_OCCURRENCE,CONDITION_CONCEPT_ID,201617,Prostatic cyst,,,,,,,,,Male,,5,,,,,,,,,,,,,,,
CONDITION_OCCURRENCE,CONDITION_CONCEPT_ID,201625,Malposition of uterus,,,,,,,,,Female,,5,,,,,,,,,,,,,,,
CONDITION_OCCURRENCE,CONDITION_CONCEPT_ID,201801,Primary malignant neoplasm of fallopian tube,,,,,,,,,Female,,5,,,,,,,,,,,,,,,
CONDITION_OCCURRENCE,CONDITION_CONCEPT_ID,201817,Benign neoplasm of female genital organ,,,,,,,,,Female,,5,,,,,,,,,,,,,,,
CONDITION_OCCURRENCE,CONDITION_CONCEPT_ID,201820,Diabetes mellitus,,,,,,,,,,,,,,Yes,,,0.039,,,0.3514,,,,,,
CONDITION_OCCURRENCE,CONDITION_CONCEPT_ID,201823,Benign neoplasm of penis,,,,,,,,,Male,,5,,,,,,,,,,,,,,,
CONDITION_OCCURRENCE,CONDITION_CONCEPT_ID,201907,Edema of male genital organs,,,,,,,,,Male,,5,,,,,,,,,,,,,,,
CONDITION_OCCURRENCE,CONDITION_CONCEPT_ID,201909,Female infertility,,,,,,,,,Female,,5,,,,,,,,,,,,,,,
CONDITION_OCCURRENCE,CONDITION_CONCEPT_ID,201913,"Torsion of the ovary, ovarian pedicle or fallopian tube",,,,,,,,,Female,,5,,,,,,,,,,,,,,,
CONDITION_OCCURRENCE,CONDITION_CONCEPT_ID,255573,Chronic obstructive lung disease,,,,,,,,,,,,,,Yes,,,0.0194,,,0.1742,,,,,,
CONDITION_OCCURRENCE,CONDITION_CONCEPT_ID,255848,Pneumonia,,,,,,,,,,,,,,Yes,,,0.0218,,,0.1966,,,,,,
CONDITION_OCCURRENCE,CONDITION_CONCEPT_ID,313217,Atrial fibrillation,,,,,,,,,,,,,,Yes,,,0.0128,,,0.1155,,,,,,
CONDITION_OCCURRENCE,CONDITION_CONCEPT_ID,314409,Vascular disorder of penis,,,,,,,,,Male,,5,,,,,,,,,,,,,,,
CONDITION_OCCURRENCE,CONDITION_CONCEPT_ID,315586,Priapism,,,,,,,,,Male,,5,,,,,,,,,,,,,,,
CONDITION_OCCURRENCE,CONDITION_CONCEPT_ID,316139,Heart failure,,,,,,,,,,,,,,Yes,,,0.0161,,,0.1452,,,,,,
CONDITION_OCCURRENCE,CONDITION_CONCEPT_ID,316866,Hypertensive disorder,,,,,,,,,,,,,,Yes,,,0.0913,,,0.8215,,,,,,
CONDITION_OCCURRENCE,CONDITION_CONCEPT_ID,317576,Coronary arteriosclerosis,,,,,,,,,,,,,,Yes,,,0.0206,,,0.1852,,,,,,
CONDITION_OCCURRENCE,CONDITION_CONCEPT_ID,318800,Gastroesophageal reflux disease,,,,,,,,,,,,,,Yes,,,0.0337,,,0.3033,,,,,,
CONDITION_OCCURRENCE,CONDITION_CONCEPT_ID,321052,Peripheral vascular disease,,,,,,,,,,,,,,Yes,,,0.0426,,,0.3832,,,,,,
CONDITION_OCCURRENCE,CONDITION_CONCEPT_ID,321588,Heart disease,,,,,,,,,,,,,,Yes,,,0.061,,,0.5491,,,,,,
CONDITION_OCCURRENCE,CONDITION_CONCEPT_ID,381591,Cerebrovascular disease,,,,,,,,,,,,,,Yes,,,0.0142,,,0.1274,,,,,,
CONDITION_OCCURRENCE,CONDITION_CONCEPT_ID,432571,Malignant lymphoma,,,,,,,,,,,,,,Yes,,,0.0016,,,0.0143,,,,,,
CONDITION_OCCURRENCE,CONDITION_CONCEPT_ID,432867,Hyperlipidemia,,,,,,,,,,,,,,Yes,,,0.0712,,,0.6412,,,,,,
CONDITION_OCCURRENCE,CONDITION_CONCEPT_ID,433716,Primary malignant neoplasm of testis,,,,,,,,,Male,,5,,,,,,,,,,,,,,,
CONDITION_OCCURRENCE,CONDITION_CONCEPT_ID,433736,Obesity,,,,,,,,,,,,,,Yes,,,0.038,,,0.3422,,,,,,
CONDITION_OCCURRENCE,CONDITION_CONCEPT_ID,434251,Injury of male external genital organs,,,,,,,,,Male,,5,,,,,,,,,,,,,,,
CONDITION_OCCURRENCE,CONDITION_CONCEPT_ID,435315,Torsion of testis,,,,,,,,,Male,,5,,,,,,,,,,,,,,,
CONDITION_OCCURRENCE,CONDITION_CONCEPT_ID,435648,Retractile testis,,,,,,,,,Male,,5,,,,,,,,,,,,,,,
CONDITION_OCCURRENCE,CONDITION_CONCEPT_ID,435783,Schizophrenia,,,,,,,,,,,,,,Yes,,,0.0021,,,0.0186,,,,,,
CONDITION_OCCURRENCE,CONDITION_CONCEPT_ID,436155,Redundant prepuce and phimosis,,,,,,,,,Male,,5,,,,,,,,,,,,,,,
CONDITION_OCCURRENCE,CONDITION_CONCEPT_ID,436358,Primary malignant neoplasm of exocervix,,,,,,,,,Female,,5,,,,,,,,,,,,,,,
CONDITION_OCCURRENCE,CONDITION_CONCEPT_ID,436366,Benign neoplasm of testis,,,,,,,,,Male,,5,,,,,,,,,,,,,,,
CONDITION_OCCURRENCE,CONDITION_CONCEPT_ID,436466,Balanoposthitis,,,,,,,,,Male,,5,,,,,,,,,,,,,,,
CONDITION_OCCURRENCE,CONDITION_CONCEPT_ID,437501,Primary malignant neoplasm of labia majora,,,,,,,,,Female,,5,,,,,,,,,,,,,,,
CONDITION_OCCURRENCE,CONDITION_CONCEPT_ID,437655,Undescended testicle,,,,,,,,,Male,,5,,,,,,,,,,,,,,,
CONDITION_OCCURRENCE,CONDITION_CONCEPT_ID,438409,Attention deficit hyperactivity disorder,,,,,,,,,,,,,,Yes,,,0.0078,,,0.0706,,,,,,
CONDITION_OCCURRENCE,CONDITION_CONCEPT_ID,438477,Atrophy of testis,,,,,,,,,Male,,5,,,,,,,,,,,,,,,
CONDITION_OCCURRENCE,CONDITION_CONCEPT_ID,439727,Human immunodeficiency virus infection,,,,,,,,,,,,,,Yes,,,0.0006,,,0.0057,,,,,,
CONDITION_OCCURRENCE,CONDITION_CONCEPT_ID,439871,Hemospermia,,,,,,,,,Male,,5,,,,,,,,,,,,,,,
CONDITION_OCCURRENCE,CONDITION_CONCEPT_ID,440383,Depressive disorder,,,,,,,,,,,,,,Yes,,,0.0392,,,0.3531,,,,,,
CONDITION_OCCURRENCE,CONDITION_CONCEPT_ID,440417,Pulmonary embolism,,,,,,,,,,,,,,Yes,,,0.0024,,,0.022,,,,,,
CONDITION_OCCURRENCE,CONDITION_CONCEPT_ID,440971,Neoplasm of uncertain behavior of testis,,,,,,,,,Male,,5,,,,,,,,,,,,,,,
CONDITION_OCCURRENCE,CONDITION_CONCEPT_ID,441068,Torsion of appendix of testis,,,,,,,,,Male,,5,,,,,,,,,,,,,,,
CONDITION_OCCURRENCE,CONDITION_CONCEPT_ID,441077,Stenosis of cervix,,,,,,,,,Female,,5,,,,,,,,,,,,,,,
CONDITION_OCCURRENCE,CONDITION_CONCEPT_ID,441805,Primary malignant neoplasm of endocervix,,,,,,,,,Female,,5,,,,,,,,,,,,,,,
CONDITION_OCCURRENCE,CONDITION_CONCEPT_ID,442781,Disorder of uterine cervix,,,,,,,,,Female,,5,,,,,,,,,,,,,,,
CONDITION_OCCURRENCE,CONDITION_CONCEPT_ID,443211,Benign prostatic hypertrophy with outflow obstruction,,,,,,,,,Male,,5,,,,,,,,,,,,,,,
CONDITION_OCCURRENCE,CONDITION_CONCEPT_ID,443388,Malignant tumor of lung,,,,,,,,,,,,,,Yes,,,0.0021,,,0.0185,,,,,,
CONDITION_OCCURRENCE,CONDITION_CONCEPT_ID,443392,Malignant neoplastic disease,,,,,,,,,,,,,,Yes,,,0.0326,,,0.2932,,,,,,
CONDITION_OCCURRENCE,CONDITION_CONCEPT_ID,443435,Primary uterine inertia,,,,,,,,,Female,,5,,,,,,,,,,,,,,,
CONDITION_OCCURRENCE,CONDITION_CONCEPT_ID,443800,Amenorrhea,,,,,,,,,Female,,5,,,,,,,,,,,,,,,
CONDITION_OCCURRENCE,CONDITION_CONCEPT_ID,444078,Inflammation of cervix,,,,,,,,,Female,,5,,,,,,,,,,,,,,,
CONDITION_OCCURRENCE,CONDITION_CONCEPT_ID,444106,Candidiasis of vulva,,,,,,,,,Female,,5,,,,,,,,,,,,,,,
CONDITION_OCCURRENCE,CONDITION_CONCEPT_ID,444247,Venous thrombosis,,,,,,,,,,,,,,Yes,,,0.0082,,,0.0737,,,,,,
PROCEDURE_OCCURRENCE,PROCEDURE_CONCEPT_ID,2003947,Closed [percutaneous] [needle] biopsy of prostate,,,,,,,,,Male,,5,,,,,,,,,,,,,,,
PROCEDURE_OCCURRENCE,PROCEDURE_CONCEPT_ID,2003966,Other transurethral prostatectomy,,,,,,,,,Male,,5,,,,,,,,,,,,,,,
PROCEDURE_OCCURRENCE,PROCEDURE_CONCEPT_ID,2003983,Other prostatectomy,,,,,,,,,Male,,5,,,,,,,,,,,,,,,
PROCEDURE_OCCURRENCE,PROCEDURE_CONCEPT_ID,2004031,Other repair of scrotum and tunica vaginalis,,,,,,,,,Male,,5,,,,,,,,,,,,,,,
PROCEDURE_OCCURRENCE,PROCEDURE_CONCEPT_ID,2004063,Unilateral orchiectomy,,,,,,,,,Male,,5,,,,,,,,,,,,,,,
PROCEDURE_OCCURRENCE,PROCEDURE_CONCEPT_ID,2004070,Other repair of testis,,,,,,,,,Male,,5,,,,,,,,,,,,,,,
PROCEDURE_OCCURRENCE,PROCEDURE_CONCEPT_ID,2004090,Excision of varicocele and hydrocele of spermatic cord,,,,,,,,,Male,,5,,,,,,,,,,,,,,,
PROCEDURE_OCCURRENCE,PROCEDURE_CONCEPT_ID,2004164,Local excision or destruction of lesion of penis,,,,,,,,,Male,,5,,,,,,,,,,,,,,,
PROCEDURE_OCCURRENCE,PROCEDURE_CONCEPT_ID,2004263,Other removal of both ovaries and tubes at same operative episode,,,,,,,,,Female,,5,,,,,,,,,,,,,,,
PROCEDURE_OCCURRENCE,PROCEDURE_CONCEPT_ID,2004329,Other bilateral destruction or occlusion of fallopian tubes,,,,,,,,,Female,,5,,,,,,,,,,,,,,,
PROCEDURE_OCCURRENCE,PROCEDURE_CONCEPT_ID,2004342,Removal of both fallopian tubes at same operative episode,,,,,,,,,Female,,5,,,,,,,,,,,,,,,
PROCEDURE_OCCURRENCE,PROCEDURE_CONCEPT_ID,2004443,Closed biopsy of uterus,,,,,,,,,Female,,5,,,,,,,,,,,,,,,
PROCEDURE_OCCURRENCE,PROCEDURE_CONCEPT_ID,2004627,Vaginal suspension and fixation,,,,,,,,,Female,,5,,,,,,,,,,,,,,,
PROCEDURE_OCCURRENCE,PROCEDURE_CONCEPT_ID,2109825,"Transurethral electrosurgical resection of prostate, including control of postoperative bleeding, complete (vasectomy, meatotomy, cystourethroscopy, urethral calibration and/or dilation, and internal urethrotomy are included)",,,,,,,,,Male,,5,,,,,,,,,,,,,,,
PROCEDURE_OCCURRENCE,PROCEDURE_CONCEPT_ID,2109833,"Laser vaporization of prostate, including control of postoperative bleeding, complete (vasectomy, meatotomy, cystourethroscopy, urethral calibration and/or dilation, internal urethrotomy and transurethral resection of prostate are included if performed)",,,,,,,,,Male,,5,,,,,,,,,,,,,,,
PROCEDURE_OCCURRENCE,PROCEDURE_CONCEPT_ID,2109900,"Destruction of lesion(s), penis (eg, condyloma, papilloma, molluscum contagiosum, herpetic vesicle), simple; chemical",,,,,,,,,Male,,5,,,,,,,,,,,,,,,
PROCEDURE_OCCURRENCE,PROCEDURE_CONCEPT_ID,2109902,"Destruction of lesion(s), penis (eg, condyloma, papilloma, molluscum contagiosum, herpetic vesicle), simple; cryosurgery",,,,,,,,,Male,,5,,,,,,,,,,,,,,,
PROCEDURE_OCCURRENCE,PROCEDURE_CONCEPT_ID,2109905,"Destruction of lesion(s), penis (eg, condyloma, papilloma, molluscum contagiosum, herpetic vesicle), extensive (eg, laser surgery, electrosurgery, cryosurgery, chemosurgery)",,,,,,,,,Male,,5,,,,,,,,,,,,,,,
PROCEDURE_OCCURRENCE,PROCEDURE_CONCEPT_ID,2109906,"Biopsy of penis, (separate procedure)",,,,,,,,,Male,,5,,,,,,,,,,,,,,,
PROCEDURE_OCCURRENCE,PROCEDURE_CONCEPT_ID,2109916,"Circumcision, using clamp or other device with regional dorsal penile or ring block",,,,,,,,,Male,,5,,,,,,,,,,,,,,,
PROCEDURE_OCCURRENCE,PROCEDURE_CONCEPT_ID,2109968,Foreskin manipulation including lysis of preputial adhesions and stretching,,,,,,,,,Male,,5,,,,,,,,,,,,,,,
PROCEDURE_OCCURRENCE,PROCEDURE_CONCEPT_ID,2109973,"Orchiectomy, simple (including subcapsular), with or without testicular prosthesis, scrotal or inguinal approach",,,,,,,,,Male,,5,,,,,,,,,,,,,,,
PROCEDURE_OCCURRENCE,PROCEDURE_CONCEPT_ID,2109981,"Orchiopexy, inguinal approach, with or without hernia repair",,,,,,,,,Male,,5,,,,,,,,,,,,,,,
PROCEDURE_OCCURRENCE,PROCEDURE_CONCEPT_ID,2110004,Drainage of scrotal wall abscess,,,,,,,,,Male,,5,,,,,,,,,,,,,,,
PROCEDURE_OCCURRENCE,PROCEDURE_CONCEPT_ID,2110011,"Vasectomy, unilateral or bilateral (separate procedure), including postoperative semen examination(s)",,,,,,,,,Male,,5,,,,,,,,,,,,,,,
PROCEDURE_OCCURRENCE,PROCEDURE_CONCEPT_ID,2110026,"Biopsy, prostate; needle or punch, single or multiple, any approach",,,,,,,,,Male,,5,,,,,,,,,,,,,,,
PROCEDURE_OCCURRENCE,PROCEDURE_CONCEPT_ID,2110039,"Prostatectomy, retropubic radical, with or without nerve sparing; with bilateral pelvic lymphadenectomy, including external iliac, hypogastric, and obturator nodes",,,,,,,,,Male,,5,,,,,,,,,,,,,,,
PROCEDURE_OCCURRENCE,PROCEDURE_CONCEPT_ID,2110044,"Laparoscopy, surgical prostatectomy, retropubic radical, including nerve sparing, includes robotic assistance, when performed",,,,,,,,,Male,,5,,,,,,,,,,,,,,,
PROCEDURE_OCCURRENCE,PROCEDURE_CONCEPT_ID,2110078,Colposcopy of the vulva,,,,,,,,,Female,,5,,,,,,,,,,,,,,,
PROCEDURE_OCCURRENCE,PROCEDURE_CONCEPT_ID,2110116,"Colpopexy, vaginal; extra-peritoneal approach (sacrospinous, iliococcygeus)",,,,,,,,,Female,,5,,,,,,,,,,,,,,,
PROCEDURE_OCCURRENCE,PROCEDURE_CONCEPT_ID,2110142,"Laparoscopy, surgical, colpopexy (suspension of vaginal apex)",,,,,,,,,Female,,5,,,,,,,,,,,,,,,
PROCEDURE_OCCURRENCE,PROCEDURE_CONCEPT_ID,2110144,"Colposcopy of the cervix including upper/adjacent vagina, with biopsy(s) of the cervix and endocervical curettage",,,,,,,,,Female,,5,,,,,,,,,,,,,,,
PROCEDURE_OCCURRENCE,PROCEDURE_CONCEPT_ID,2110169,"Endometrial sampling (biopsy) with or without endocervical sampling (biopsy), without cervical dilation, any method (separate procedure)",,,,,,,,,Female,,5,,,,,,,,,,,,,,,
PROCEDURE_OCCURRENCE,PROCEDURE_CONCEPT_ID,2110175,"Total abdominal hysterectomy (corpus and cervix), with or without removal of tube(s), with or without removal of ovary(s)",,,,,,,,,Female,,5,,,,,,,,,,,,,,,
PROCEDURE_OCCURRENCE,PROCEDURE_CONCEPT_ID,2110194,Insertion of intrauterine device (IUD),,,,,,,,,Female,,5,,,,,,,,,,,,,,,
PROCEDURE_OCCURRENCE,PROCEDURE_CONCEPT_ID,2110195,Removal of intrauterine device (IUD),,,,,,,,,Female,,5,,,,,,,,,,,,,,,
PROCEDURE_OCCURRENCE,PROCEDURE_CONCEPT_ID,2110203,"Endometrial ablation, thermal, without hysteroscopic guidance",,,,,,,,,Female,,5,,,,,,,,,,,,,,,
PROCEDURE_OCCURRENCE,PROCEDURE_CONCEPT_ID,2110222,"Hysteroscopy, surgical; with sampling (biopsy) of endometrium and/or polypectomy, with or without D & C",,,,,,,,,Female,,5,,,,,,,,,,,,,,,
PROCEDURE_OCCURRENCE,PROCEDURE_CONCEPT_ID,2110227,"Hysteroscopy, surgical; with endometrial ablation (eg, endometrial resection, electrosurgical ablation, thermoablation)",,,,,,,,,Female,,5,,,,,,,,,,,,,,,
PROCEDURE_OCCURRENCE,PROCEDURE_CONCEPT_ID,2110230,"Laparoscopy, surgical, with total hysterectomy, for uterus 250 g or less; with removal of tube(s) and/or ovary(s)",,,,,,,,,Female,,5,,,,,,,,,,,,,,,
PROCEDURE_OCCURRENCE,PROCEDURE_CONCEPT_ID,2110307,"Routine obstetric care including antepartum care, vaginal delivery (with or without episiotomy, and/or forceps) and postpartum care",,,,,,,,,Female,,5,,,,,,,,,,,,,,,
PROCEDURE_OCCURRENCE,PROCEDURE_CONCEPT_ID,2110315,"Routine obstetric care including antepartum care, cesarean delivery, and postpartum care",,,,,,,,,Female,,5,,,,,,,,,,,,,,,
PROCEDURE_OCCURRENCE,PROCEDURE_CONCEPT_ID,2110316,Cesarean delivery only,,,,,,,,,Female,,5,,,,,,,,,,,,,,,
PROCEDURE_OCCURRENCE,PROCEDURE_CONCEPT_ID,2110317,"Cesarean delivery only, including postpartum care",,,,,,,,,Female,,5,,,,,,,,,,,,,,,
PROCEDURE_OCCURRENCE,PROCEDURE_CONCEPT_ID,2110326,"Treatment of missed abortion, completed surgically; first trimester",,,,,,,,,Female,,5,,,,,,,,,,,,,,,
PROCEDURE_OCCURRENCE,PROCEDURE_CONCEPT_ID,2211747,"Ultrasound, pregnant uterus, real time with image documentation, fetal and maternal evaluation, first trimester (< 14 weeks 0 days), transabdominal approach; single or first gestation",,,,,,,,,Female,,5,,,,,,,,,,,,,,,
PROCEDURE_OCCURRENCE,PROCEDURE_CONCEPT_ID,2211749,"Ultrasound, pregnant uterus, real time with image documentation, fetal and maternal evaluation, after first trimester (> or = 14 weeks 0 days), transabdominal approach; single or first gestation",,,,,,,,,Female,,5,,,,,,,,,,,,,,,
PROCEDURE_OCCURRENCE,PROCEDURE_CONCEPT_ID,2211751,"Ultrasound, pregnant uterus, real time with image documentation, fetal and maternal evaluation plus detailed fetal anatomic examination, transabdominal approach; single or first gestation",,,,,,,,,Female,,5,,,,,,,,,,,,,,,
PROCEDURE_OCCURRENCE,PROCEDURE_CONCEPT_ID,2211753,"Ultrasound, pregnant uterus, real time with image documentation, first trimester fetal nuchal translucency measurement, transabdominal or transvaginal approach; single or first gestation",,,,,,,,,Female,,5,,,,,,,,,,,,,,,
PROCEDURE_OCCURRENCE,PROCEDURE_CONCEPT_ID,2211755,"Ultrasound, pregnant uterus, real time with image documentation, limited (eg, fetal heart beat, placental location, fetal position and/or qualitative amniotic fluid volume), 1 or more fetuses",,,,,,,,,Female,,5,,,,,,,,,,,,,,,
PROCEDURE_OCCURRENCE,PROCEDURE_CONCEPT_ID,2211756,"Ultrasound, pregnant uterus, real time with image documentation, follow-up (eg, re-evaluation of fetal size by measuring standard growth parameters and amniotic fluid volume, re-evaluation of organ system(s) suspected or confirmed to be abnormal on a prev",,,,,,,,,Female,,5,,,,,,,,,,,,,,,
PROCEDURE_OCCURRENCE,PROCEDURE_CONCEPT_ID,2211757,"Ultrasound, pregnant uterus, real time with image documentation, transvaginal",,,,,,,,,Female,,5,,,,,,,,,,,,,,,
PROCEDURE_OCCURRENCE,PROCEDURE_CONCEPT_ID,2211765,"Ultrasound, transvaginal",,,,,,,,,Female,,5,,,,,,,,,,,,,,,
PROCEDURE_OCCURRENCE,PROCEDURE_CONCEPT_ID,2211769,"Ultrasound, scrotum and contents",,,,,,,,,Male,,5,,,,,,,,,,,,,,,
PROCEDURE_OCCURRENCE,PROCEDURE_CONCEPT_ID,2617204,"Cervical or vaginal cancer screening, pelvic and clinical breast examination",,,,,,,,,Female,,5,,,,,,,,,,,,,,,
PROCEDURE_OCCURRENCE,PROCEDURE_CONCEPT_ID,2721063,"Annual gynecological examination, new patient",,,,,,,,,Female,,5,,,,,,,,,,,,,,,
PROCEDURE_OCCURRENCE,PROCEDURE_CONCEPT_ID,2721064,"Annual gynecological examination, established patient",,,,,,,,,Female,,5,,,,,,,,,,,,,,,
PROCEDURE_OCCURRENCE,PROCEDURE_CONCEPT_ID,2780478,"Resection of Prostate, Percutaneous Endoscopic Approach",,,,,,,,,Male,,5,,,,,,,,,,,,,,,
PROCEDURE_OCCURRENCE,PROCEDURE_CONCEPT_ID,2780523,"Resection of Prepuce, External Approach",,,,,,,,,Male,,5,,,,,,,,,,,,,,,
CONDITION_OCCURRENCE,CONDITION_CONCEPT_ID,4005743,Female sterility,,,,,,,,,Female,,5,,,,,,,,,,,,,,,
CONDITION_OCCURRENCE,CONDITION_CONCEPT_ID,4005933,"Hypospadias, penile",,,,,,,,,Male,,5,,,,,,,,,,,,,,,
CONDITION_OCCURRENCE,CONDITION_CONCEPT_ID,4006969,Acute respiratory disease,,,,,,,,,,,,,,Yes,,,0.1703,,,1,,,,,,
CONDITION_OCCURRENCE,CONDITION_CONCEPT_ID,4012343,Vaginal discharge symptom,,,,,,,,,Female,,5,,,,,,,,,,,,,,,
CONDITION_OCCURRENCE,CONDITION_CONCEPT_ID,4016155,Prostatism,,,,,,,,,Male,,5,,,,,,,,,,,,,,,
PROCEDURE_OCCURRENCE,PROCEDURE_CONCEPT_ID,4021531,Total abdominal hysterectomy,,,,,,,,,Female,,5,,,,,,,,,,,,,,,
CONDITION_OCCURRENCE,CONDITION_CONCEPT_ID,4030518,Renal impairment,,,,,,,,,,,,,,Yes,,,0.0174,,,0.1568,,,,,,
CONDITION_OCCURRENCE,CONDITION_CONCEPT_ID,4032594,Inflammation of scrotum,,,,,,,,,Male,,5,,,,,,,,,,,,,,,
PROCEDURE_OCCURRENCE,PROCEDURE_CONCEPT_ID,4032622,Laparoscopic supracervical hysterectomy,,,,,,,,,Female,,5,,,,,,,,,,,,,,,
PROCEDURE_OCCURRENCE,PROCEDURE_CONCEPT_ID,4038747,Obstetric examination,,,,,,,,,Female,,5,,,,,,,,,,,,,,,
CONDITION_OCCURRENCE,CONDITION_CONCEPT_ID,4044013,Hematologic neoplasm,,,,,,,,,,,,,,Yes,,,0.0037,,,0.0331,,,,,,
CONDITION_OCCURRENCE,CONDITION_CONCEPT_ID,4048225,Neoplasm of endometrium,,,,,,,,,Female,,5,,,,,,,,,,,,,,,
CONDITION_OCCURRENCE,CONDITION_CONCEPT_ID,4050091,Open wound of penis,,,,,,,,,Male,,5,,,,,,,,,,,,,,,
CONDITION_OCCURRENCE,CONDITION_CONCEPT_ID,4051956,Vulvovaginal disease,,,,,,,,,Female,,5,,,,,,,,,,,,,,,
PROCEDURE_OCCURRENCE,PROCEDURE_CONCEPT_ID,4052532,Hysteroscopy,,,,,,,,,Female,,5,,,,,,,,,,,,,,,
CONDITION_OCCURRENCE,CONDITION_CONCEPT_ID,4054550,Open wound of scrotum and testes,,,,,,,,,Male,,5,,,,,,,,,,,,,,,
CONDITION_OCCURRENCE,CONDITION_CONCEPT_ID,4056903,Vaginitis associated with another disorder,,,,,,,,,Female,,5,,,,,,,,,,,,,,,
PROCEDURE_OCCURRENCE,PROCEDURE_CONCEPT_ID,4058792,Douche of vagina,,,,,,,,,Female,,5,,,,,,,,,,,,,,,
CONDITION_OCCURRENCE,CONDITION_CONCEPT_ID,4060207,Vulval irritation,,,,,,,,,Female,,5,,,,,,,,,,,,,,,
CONDITION_OCCURRENCE,CONDITION_CONCEPT_ID,4060556,"Uterine scar from previous surgery in pregnancy, childbirth and the puerperium",,,,,,,,,Female,,5,,,,,,,,,,,,,,,
CONDITION_OCCURRENCE,CONDITION_CONCEPT_ID,4060558,"Uterine scar from previous surgery in pregnancy, childbirth and the puerperium - delivered",,,,,,,,,Female,,5,,,,,,,,,,,,,,,
CONDITION_OCCURRENCE,CONDITION_CONCEPT_ID,4060559,"Uterine scar from previous surgery in pregnancy, childbirth and the puerperium with antenatal problem",,,,,,,,,Female,,5,,,,,,,,,,,,,,,
CONDITION_OCCURRENCE,CONDITION_CONCEPT_ID,4061050,Subacute and chronic vaginitis,,,,,,,,,Female,,5,,,,,,,,,,,,,,,
CONDITION_OCCURRENCE,CONDITION_CONCEPT_ID,4071874,Pain in scrotum,,,,,,,,,Male,,5,,,,,,,,,,,,,,,
PROCEDURE_OCCURRENCE,PROCEDURE_CONCEPT_ID,4073700,Transurethral laser prostatectomy,,,,,,,,,Male,,5,,,,,,,,,,,,,,,
CONDITION_OCCURRENCE,CONDITION_CONCEPT_ID,4081648,Acute vaginitis,,,,,,,,,Female,,5,,,,,,,,,,,,,,,
PROCEDURE_OCCURRENCE,PROCEDURE_CONCEPT_ID,4083772,Echography of scrotum and contents,,,,,,,,,Male,,5,,,,,,,,,,,,,,,
CONDITION_OCCURRENCE,CONDITION_CONCEPT_ID,4090039,Penile arterial insufficiency,,,,,,,,,Male,,5,,,,,,,,,,,,,,,
CONDITION_OCCURRENCE,CONDITION_CONCEPT_ID,4092515,"Malignant neoplasm, overlapping lesion of cervix uteri",,,,,,,,,Female,,5,,,,,,,,,,,,,,,
CONDITION_OCCURRENCE,CONDITION_CONCEPT_ID,4093346,Large prostate,,,,,,,,,Male,,5,,,,,,,,,,,,,,,
CONDITION_OCCURRENCE,CONDITION_CONCEPT_ID,4095940,Finding of pattern of menstrual cycle,,,,,,,,,Female,,5,,,,,,,,,,,,,,,
PROCEDURE_OCCURRENCE,PROCEDURE_CONCEPT_ID,4096783,Radical prostatectomy,,,,,,,,,Male,,5,,,,,,,,,,,,,,,
CONDITION_OCCURRENCE,CONDITION_CONCEPT_ID,4104000,Lesion of liver,,,,,,,,,,,,,,Yes,,,0.0029,,,0.0265,,,,,,
CONDITION_OCCURRENCE,CONDITION_CONCEPT_ID,4109081,Pain in penis,,,,,,,,,Male,,5,,,,,,,,,,,,,,,
CONDITION_OCCURRENCE,CONDITION_CONCEPT_ID,4112853,Malignant tumor of breast,,,,,,,,,,,,,,Yes,,,0.0047,,,0.0421,,,,,,
PROCEDURE_OCCURRENCE,PROCEDURE_CONCEPT_ID,4127886,Hysterectomy,,,,,,,,,Female,,5,,,,,,,,,,,,,,,
CONDITION_OCCURRENCE,CONDITION_CONCEPT_ID,4128329,Menopause present,,,,,,,,,Female,,5,,,,,,,,,,,,,,,
CONDITION_OCCURRENCE,CONDITION_CONCEPT_ID,4129155,Vaginal bleeding,,,,,,,,,Female,,5,,,,,,,,,,,,,,,
CONDITION_OCCURRENCE,CONDITION_CONCEPT_ID,4134440,Visual system disorder,,,,,,,,,,,,,,Yes,,,0.1181,,,1,,,,,,
PROCEDURE_OCCURRENCE,PROCEDURE_CONCEPT_ID,4138738,Vaginal hysterectomy,,,,,,,,,Female,,5,,,,,,,,,,,,,,,
CONDITION_OCCURRENCE,CONDITION_CONCEPT_ID,4140828,Acute vulvitis,,,,,,,,,Female,,5,,,,,,,,,,,,,,,
PROCEDURE_OCCURRENCE,PROCEDURE_CONCEPT_ID,4141940,Endometrial ablation,,,,,,,,,Female,,5,,,,,,,,,,,,,,,
CONDITION_OCCURRENCE,CONDITION_CONCEPT_ID,4143116,Azoospermia,,,,,,,,,Male,,5,,,,,,,,,,,,,,,
PROCEDURE_OCCURRENCE,PROCEDURE_CONCEPT_ID,4146777,Radical abdominal hysterectomy,,,,,,,,,Female,,5,,,,,,,,,,,,,,,
CONDITION_OCCURRENCE,CONDITION_CONCEPT_ID,4147021,"Contusion, scrotum or testis",,,,,,,,,Male,,5,,,,,,,,,,,,,,,
CONDITION_OCCURRENCE,CONDITION_CONCEPT_ID,4149084,Vaginitis,,,,,,,,,Female,,5,,,,,,,,,,,,,,,
CONDITION_OCCURRENCE,CONDITION_CONCEPT_ID,4150042,Vaginal ulcer,,,,,,,,,Female,,5,,,,,,,,,,,,,,,
CONDITION_OCCURRENCE,CONDITION_CONCEPT_ID,4150816,Bicornuate uterus,,,,,,,,,Female,,5,,,,,,,,,,,,,,,
CONDITION_OCCURRENCE,CONDITION_CONCEPT_ID,4155529,Mechanical complication of intrauterine contraceptive device,,,,,,,,,Female,,5,,,,,,,,,,,,,,,
CONDITION_OCCURRENCE,CONDITION_CONCEPT_ID,4156113,Malignant neoplasm of body of uterus,,,,,,,,,Female,,5,,,,,,,,,,,,,,,
PROCEDURE_OCCURRENCE,PROCEDURE_CONCEPT_ID,4161944,Low cervical cesarean section,,,,,,,,,Female,,5,,,,,,,,,,,,,,,
CONDITION_OCCURRENCE,CONDITION_CONCEPT_ID,4162860,Primary malignant neoplasm of body of uterus,,,,,,,,,Female,,5,,,,,,,,,,,,,,,
CONDITION_OCCURRENCE,CONDITION_CONCEPT_ID,4163261,Malignant tumor of prostate,,,,,,,,,Male,,5,,,,,,,,,,,,,,,
CONDITION_OCCURRENCE,CONDITION_CONCEPT_ID,4171394,Abnormal menstrual cycle,,,,,,,,,Female,,5,,,,,,,,,,,,,,,
CONDITION_OCCURRENCE,CONDITION_CONCEPT_ID,4171915,Orchitis,,,,,,,,,Male,,5,,,,,,,,,,,,,,,
CONDITION_OCCURRENCE,CONDITION_CONCEPT_ID,4180790,Malignant tumor of colon,,,,,,,,,,,,,,Yes,,,0.0019,,,0.0173,,,,,,
CONDITION_OCCURRENCE,CONDITION_CONCEPT_ID,4180978,Vulvovaginitis,,,,,,,,,Female,,5,,,,,,,,,,,,,,,
PROCEDURE_OCCURRENCE,PROCEDURE_CONCEPT_ID,4181912,Cone biopsy of cervix,,,,,,,,,Female,,5,,,,,,,,,,,,,,,
CONDITION_OCCURRENCE,CONDITION_CONCEPT_ID,4182210,Dementia,,,,,,,,,,,,,,Yes,,,0.0086,,,0.0773,,,,,,
CONDITION_OCCURRENCE,CONDITION_CONCEPT_ID,4185932,Ischemic heart disease,,,,,,,,,,,,,,Yes,,,0.0201,,,0.1813,,,,,,
CONDITION_OCCURRENCE,CONDITION_CONCEPT_ID,4194652,Pruritus of vulva,,,,,,,,,Female,,5,,,,,,,,,,,,,,,
CONDITION_OCCURRENCE,CONDITION_CONCEPT_ID,4199600,Candidal balanitis,,,,,,,,,Male,,5,,,,,,,,,,,,,,,
CONDITION_OCCURRENCE,CONDITION_CONCEPT_ID,4212540,Chronic liver disease,,,,,,,,,,,,,,Yes,,,0.0053,,,0.0476,,,,,,
PROCEDURE_OCCURRENCE,PROCEDURE_CONCEPT_ID,4234536,Transurethral prostatectomy,,,,,,,,,Male,,5,,,,,,,,,,,,,,,
CONDITION_OCCURRENCE,CONDITION_CONCEPT_ID,4235215,Swelling of testicle,,,,,,,,,Male,,5,,,,,,,,,,,,,,,
PROCEDURE_OCCURRENCE,PROCEDURE_CONCEPT_ID,4238715,Removal of intrauterine device,,,,,,,,,Female,,5,,,,,,,,,,,,,,,
PROCEDURE_OCCURRENCE,PROCEDURE_CONCEPT_ID,4243919,Incision of ovary,,,,,,,,,Female,,5,,,,,,,,,,,,,,,
CONDITION_OCCURRENCE,CONDITION_CONCEPT_ID,4260520,Balanitis,,,,,,,,,Male,,5,,,,,,,,,,,,,,,
CONDITION_OCCURRENCE,CONDITION_CONCEPT_ID,4270932,Pain in testicle,,,,,,,,,Male,,5,,,,,,,,,,,,,,,
PROCEDURE_OCCURRENCE,PROCEDURE_CONCEPT_ID,4275113,Insertion of intrauterine contraceptive device,,,,,,,,,Female,,5,,,,,,,,,,,,,,,
CONDITION_OCCURRENCE,CONDITION_CONCEPT_ID,4279309,Substance abuse,,,,,,,,,,,,,,Yes,,,0.0063,,,0.0568,,,,,,
CONDITION_OCCURRENCE,CONDITION_CONCEPT_ID,4279913,Primary ovarian failure,,,,,,,,,Female,,5,,,,,,,,,,,,,,,
CONDITION_OCCURRENCE,CONDITION_CONCEPT_ID,4281030,Secondary malignant neoplasm of right ovary,,,,,,,,,Female,,5,,,,,,,,,,,,,,,
CONDITION_OCCURRENCE,CONDITION_CONCEPT_ID,4294393,Ulcer of penis,,,,,,,,,Male,,5,,,,,,,,,,,,,,,
PROCEDURE_OCCURRENCE,PROCEDURE_CONCEPT_ID,4294805,Laparoscopic-assisted vaginal hysterectomy,,,,,,,,,Female,,5,,,,,,,,,,,,,,,
CONDITION_OCCURRENCE,CONDITION_CONCEPT_ID,4295261,Postmenopausal state,,,,,,,,,Female,,5,,,,,,,,,,,,,,,
CONDITION_OCCURRENCE,CONDITION_CONCEPT_ID,4303258,Bacterial vaginosis,,,,,,,,,Female,,5,,,,,,,,,,,,,,,
PROCEDURE_OCCURRENCE,PROCEDURE_CONCEPT_ID,4306780,Gynecologic examination,,,,,,,,,Female,,5,,,,,,,,,,,,,,,
PROCEDURE_OCCURRENCE,PROCEDURE_CONCEPT_ID,4310552,Orchidopexy,,,,,,,,,Male,,5,,,,,,,,,,,,,,,
CONDITION_OCCURRENCE,CONDITION_CONCEPT_ID,4320332,Hydrocele of tunica vaginalis,,,,,,,,,Male,,5,,,,,,,,,,,,,,,
PROCEDURE_OCCURRENCE,PROCEDURE_CONCEPT_ID,4321575,Lysis of penile adhesions,,,,,,,,,Male,,5,,,,,,,,,,,,,,,
PROCEDURE_OCCURRENCE,PROCEDURE_CONCEPT_ID,4330583,Vasectomy,,,,,,,,,Male,,5,,,,,,,,,,,,,,,
CONDITION_OCCURRENCE,CONDITION_CONCEPT_ID,4339088,Testicular mass,,,,,,,,,Male,,5,,,,,,,,,,,,,,,
CONDITION_OCCURRENCE,CONDITION_CONCEPT_ID,40481080,Benign localized hyperplasia of prostate,,,,,,,,,Male,,5,,,,,,,,,,,,,,,
CONDITION_OCCURRENCE,CONDITION_CONCEPT_ID,40481902,Malignant neoplasm of anorectum,,,,,,,,,,,,,,Yes,,,0.001,,,0.0089,,,,,,
CONDITION_OCCURRENCE,CONDITION_CONCEPT_ID,40482030,Dysplasia of prostate,,,,,,,,,Male,,5,,,,,,,,,,,,,,,
CONDITION_OCCURRENCE,CONDITION_CONCEPT_ID,40482406,Low lying placenta,,,,,,,,,Female,,5,,,,,,,,,,,,,,,
CONDITION_OCCURRENCE,CONDITION_CONCEPT_ID,40483613,Inflammatory disease of female genital structure,,,,,,,,,Female,,5,,,,,,,,,,,,,,,
CONDITION_OCCURRENCE,CONDITION_CONCEPT_ID,40490888,Herniation of rectum into vagina,,,,,,,,,Female,,5,,,,,,,,,,,,,,,
CONDITION_OCCURRENCE,CONDITION_CONCEPT_ID,42709954,Phimosis,,,,,,,,,Male,,5,,,,,,,,,,,,,,,
CONDITION_OCCURRENCE,CONDITION_CONCEPT_ID,45757415,Benign endometrial hyperplasia,,,,,,,,,Female,,5,,,,,,,,,,,,,,,
CONDITION_OCCURRENCE,CONDITION_CONCEPT_ID,45766654,Disorder of skin of penis,,,,,,,,,Male,,5,,,,,,,,,,,,,,,
CONDITION_OCCURRENCE,CONDITION_CONCEPT_ID,45770892,Primary malignant neoplasm of uterus,,,,,,,,,Female,,5,,,,,,,,,,,,,,,
CONDITION_OCCURRENCE,CONDITION_CONCEPT_ID,45772671,Nodular prostate without urinary obstruction,,,,,,,,,Male,,5,,,,,,,,,,,,,,,
CONDITION_OCCURRENCE,CONDITION_CONCEPT_ID,"4090861, 4025213","Male genitalia finding, Male reproductive finding",,,,,,,,,,Male,,2,,,,,,,,,,,,,,
CONDITION_OCCURRENCE,CONDITION_CONCEPT_ID,"4095793 , 443343, 4024004 , 4172857, 444094 , 197810, 4158481","Female genitalia finding, Disorder of intrauterine contraceptive device, Menopause finding, Disorder of female genital system, Malignant neoplasm of uterine adnexa, Finding related to pregnancy, Female reproductive finding",,,,,,,,,,Female,,2,,,,,,,,,,,,,,
PROCEDURE_OCCURRENCE,PROCEDURE_CONCEPT_ID,4041261,Procedure on female genital system,,,,,,,,,,Female,,2,,,,,,,,,,,,,,
PROCEDURE_OCCURRENCE,PROCEDURE_CONCEPT_ID,"4250917, 4077750, 4043199, 4040577","Operation on prostate, Operation on scrotum, Procedure on penis, Procedure on testis",,,,,,,,,,Male,,2,,,,,,,,,,,,,,
OBSERVATION,OBSERVATION_CONCEPT_ID,37393449,Plasma total cholesterol level,8840,milligram per deciliter,50,5,,500,5,,,,,,,,,,,,,,,,,,,
OBSERVATION,OBSERVATION_CONCEPT_ID,37393449,Plasma total cholesterol level,8753,millimole per liter,1,5,,15,5,,,,,,,,,,,,,,,,,,,
OBSERVATION,OBSERVATION_CONCEPT_ID,37397989,Serum total cholesterol level,8840,milligram per deciliter,50,5,,500,5,,,,,,,,,,,,,,,,,,,
OBSERVATION,OBSERVATION_CONCEPT_ID,37397989,Serum total cholesterol level,8753,millimole per liter,1,5,,15,5,,,,,,,,,,,,,,,,,,,
OBSERVATION,OBSERVATION_CONCEPT_ID,44809580,Total cholesterol level,8840,milligram per deciliter,50,5,,500,5,,,,,,,,,,,,,,,,,,,
OBSERVATION,OBSERVATION_CONCEPT_ID,44809580,Total cholesterol level,8753,millimole per liter,1,5,,15,5,,,,,,,,,,,,,,,,,,,
OBSERVATION,OBSERVATION_CONCEPT_ID,37392176,Serum creatinine level,8749,micromole per liter,10,5,,200,5,,,,,,,,,,,,,,,,,,,
OBSERVATION,OBSERVATION_CONCEPT_ID,37392176,Serum creatinine level,8840,milligram per deciliter,0.1,5,,5,5,,,,,,,,,,,,,,,,,,,
OBSERVATION,OBSERVATION_CONCEPT_ID,37392176,Serum creatinine level,8751,milligram per liter,10,5,,30,5,,,,,,,,,,,,,,,,,,,
MEASUREMENT,MEASUREMENT_CONCEPT_ID,3006315,Basophils [#/volume] in Blood,,,,,,,,,,,,,,,,,,,,,,,"8,784,884,889,619,440",5,Approved UNIT_CONCEPT_IDs for the given MEASUREMENT_CONCEPT_ID,
MEASUREMENT,MEASUREMENT_CONCEPT_ID,3004410,Hemoglobin A1c/Hemoglobin.total in Blood,,,,,,,,,,,,,,,,,,,,,,,"8,554,873,792,259,570",5,Approved UNIT_CONCEPT_IDs for the given MEASUREMENT_CONCEPT_ID,
MEASUREMENT,MEASUREMENT_CONCEPT_ID,40487382,Total lymphocyte count,,,,,,,,,,,,,,,,,,,,,,,"878,488,488,961",5,Approved UNIT_CONCEPT_IDs for the given MEASUREMENT_CONCEPT_ID,
MEASUREMENT,MEASUREMENT_CONCEPT_ID,3013721,Aspartate aminotransferase [Enzymatic activity/volume] in Serum or Plasma,,,,,,,,,,,,,,,,,,,,,,,"86,458,923",5,Approved UNIT_CONCEPT_IDs for the given MEASUREMENT_CONCEPT_ID,
MEASUREMENT,MEASUREMENT_CONCEPT_ID,3019198,Lymphocytes [#/volume] in Blood,,,,,,,,,,,,,,,,,,,,,,,"8,784,884,889,619,440",5,Approved UNIT_CONCEPT_IDs for the given MEASUREMENT_CONCEPT_ID,
MEASUREMENT,MEASUREMENT_CONCEPT_ID,3034426,Prothrombin time (PT),,,,,,,,,,,,,,,,,,,,,,,8555,5,Approved UNIT_CONCEPT_IDs for the given MEASUREMENT_CONCEPT_ID,
MEASUREMENT,MEASUREMENT_CONCEPT_ID,3043688,Hemoglobin [Mass/volume] in Body fluid,,,,,,,,,,,,,,,,,,,,,,,8713,5,Approved UNIT_CONCEPT_IDs for the given MEASUREMENT_CONCEPT_ID,
MEASUREMENT,MEASUREMENT_CONCEPT_ID,3046485,Urea nitrogen/Creatinine [Mass Ratio] in Blood,,,,,,,,,,,,,,,,,,,,,,,"8523,8554,8596,-1",5,Approved UNIT_CONCEPT_IDs for the given MEASUREMENT_CONCEPT_ID,
MEASUREMENT,MEASUREMENT_CONCEPT_ID,4216098,Eosinophil count,,,,,,,,,,,,,,,,,,,,,,,"8,784,884,889,619,440",5,Approved UNIT_CONCEPT_IDs for the given MEASUREMENT_CONCEPT_ID,
MEASUREMENT,MEASUREMENT_CONCEPT_ID,4245152,Potassium measurement,,,,,,,,,,,,,,,,,,,,,,,"873,687,539,557",5,Approved UNIT_CONCEPT_IDs for the given MEASUREMENT_CONCEPT_ID,
MEASUREMENT,MEASUREMENT_CONCEPT_ID,43055141,Pain severity - 0-10 verbal numeric rating [Score] - Reported,,,,,,,,,,,,,,,,,,,,,,,-1,5,Approved UNIT_CONCEPT_IDs for the given MEASUREMENT_CONCEPT_ID,
MEASUREMENT,MEASUREMENT_CONCEPT_ID,3006923,Alanine aminotransferase [Enzymatic activity/volume] in Serum or Plasma,,,,,,,,,,,,,,,,,,,,,,,"86,458,923",5,Approved UNIT_CONCEPT_IDs for the given MEASUREMENT_CONCEPT_ID,
MEASUREMENT,MEASUREMENT_CONCEPT_ID,3021044,Iron binding capacity [Mass/volume] in Serum or Plasma,,,,,,,,,,,,,,,,,,,,,,,8837,5,Approved UNIT_CONCEPT_IDs for the given MEASUREMENT_CONCEPT_ID,
MEASUREMENT,MEASUREMENT_CONCEPT_ID,3024171,Respiratory rate,,,,,,,,,,,,,,,,,,,,,,,"84,838,541",5,Approved UNIT_CONCEPT_IDs for the given MEASUREMENT_CONCEPT_ID,
MEASUREMENT,MEASUREMENT_CONCEPT_ID,3027114,Cholesterol [Mass/volume] in Serum or Plasma,,,,,,,,,,,,,,,,,,,,,,,8840,5,Approved UNIT_CONCEPT_IDs for the given MEASUREMENT_CONCEPT_ID,
MEASUREMENT,MEASUREMENT_CONCEPT_ID,40762499,Oxygen saturation in Arterial blood by Pulse oximetry,,,,,,,,,,,,,,,,,,,,,,,"8554,-1",5,Approved UNIT_CONCEPT_IDs for the given MEASUREMENT_CONCEPT_ID,
MEASUREMENT,MEASUREMENT_CONCEPT_ID,3000963,Hemoglobin [Mass/volume] in Blood,,,,,,,,,,,,,,,,,,,,,,,"86,368,713",5,Approved UNIT_CONCEPT_IDs for the given MEASUREMENT_CONCEPT_ID,
MEASUREMENT,MEASUREMENT_CONCEPT_ID,3001604,Monocytes [#/volume] in Blood,,,,,,,,,,,,,,,,,,,,,,,"884,889,619,444",5,Approved UNIT_CONCEPT_IDs for the given MEASUREMENT_CONCEPT_ID,
MEASUREMENT,MEASUREMENT_CONCEPT_ID,3019069,Monocytes/100 leukocytes in Blood,,,,,,,,,,,,,,,,,,,,,,,8554,5,Approved UNIT_CONCEPT_IDs for the given MEASUREMENT_CONCEPT_ID,
MEASUREMENT,MEASUREMENT_CONCEPT_ID,3022509,Hyaline casts [#/area] in Urine sediment by Microscopy low power field,,,,,,,,,,,,,,,,,,,,,,,8765,5,Approved UNIT_CONCEPT_IDs for the given MEASUREMENT_CONCEPT_ID,
MEASUREMENT,MEASUREMENT_CONCEPT_ID,3028288,Cholesterol in LDL [Mass/volume] in Serum or Plasma by calculation,,,,,,,,,,,,,,,,,,,,,,,"88,409,028",5,Approved UNIT_CONCEPT_IDs for the given MEASUREMENT_CONCEPT_ID,
MEASUREMENT,MEASUREMENT_CONCEPT_ID,4148615,Neutrophil count,,,,,,,,,,,,,,,,,,,,,,,"878,488,488,961",5,Approved UNIT_CONCEPT_IDs for the given MEASUREMENT_CONCEPT_ID,
MEASUREMENT,MEASUREMENT_CONCEPT_ID,44806420,Estimation of glomerular filtration rate,,,,,,,,,,,,,,,,,,,,,,,"7,208,708,795",5,Approved UNIT_CONCEPT_IDs for the given MEASUREMENT_CONCEPT_ID,
MEASUREMENT,MEASUREMENT_CONCEPT_ID,3028437,Cholesterol in LDL [Mass/volume] in Serum or Plasma,,,,,,,,,,,,,,,,,,,,,,,"88,409,028",5,Approved UNIT_CONCEPT_IDs for the given MEASUREMENT_CONCEPT_ID,
MEASUREMENT,MEASUREMENT_CONCEPT_ID,3016991,Thyroxine (T4) [Mass/volume] in Serum or Plasma,,,,,,,,,,,,,,,,,,,,,,,8837,5,Approved UNIT_CONCEPT_IDs for the given MEASUREMENT_CONCEPT_ID,
MEASUREMENT,MEASUREMENT_CONCEPT_ID,3026925,Triiodothyronine (T3) Free [Mass/volume] in Serum or Plasma,,,,,,,,,,,,,,,,,,,,,,,"88,208,845",5,Approved UNIT_CONCEPT_IDs for the given MEASUREMENT_CONCEPT_ID,
MEASUREMENT,MEASUREMENT_CONCEPT_ID,3028615,Eosinophils [#/volume] in Blood by Automated count,,,,,,,,,,,,,,,,,,,,,,,"878,488,168,848,896,000,000,000",5,Approved UNIT_CONCEPT_IDs for the given MEASUREMENT_CONCEPT_ID,
MEASUREMENT,MEASUREMENT_CONCEPT_ID,3051205,Crystals [#/area] in Urine sediment by Microscopy high power field,,,,,,,,,,,,,,,,,,,,,,,8786,5,Approved UNIT_CONCEPT_IDs for the given MEASUREMENT_CONCEPT_ID,
MEASUREMENT,MEASUREMENT_CONCEPT_ID,4098046,Pulse oximetry,,,,,,,,,,,,,,,,,,,,,,,8554,5,Approved UNIT_CONCEPT_IDs for the given MEASUREMENT_CONCEPT_ID,
MEASUREMENT,MEASUREMENT_CONCEPT_ID,3005131,Glucose mean value [Mass/volume] in Blood Estimated from glycated hemoglobin,,,,,,,,,,,,,,,,,,,,,,,"88,409,028",5,Approved UNIT_CONCEPT_IDs for the given MEASUREMENT_CONCEPT_ID,
MEASUREMENT,MEASUREMENT_CONCEPT_ID,3011163,Cholesterol.total/Cholesterol in HDL [Mass Ratio] in Serum or Plasma,,,,,,,,,,,,,,,,,,,,,,,"8523,8529,8554,8596,8606,-1",5,Approved UNIT_CONCEPT_IDs for the given MEASUREMENT_CONCEPT_ID,
MEASUREMENT,MEASUREMENT_CONCEPT_ID,3044491,Cholesterol non HDL [Mass/volume] in Serum or Plasma,,,,,,,,,,,,,,,,,,,,,,,"857,688,409,028",5,Approved UNIT_CONCEPT_IDs for the given MEASUREMENT_CONCEPT_ID,
MEASUREMENT,MEASUREMENT_CONCEPT_ID,4017361,Blood urea nitrogen measurement,,,,,,,,,,,,,,,,,,,,,,,"87,538,840",5,Approved UNIT_CONCEPT_IDs for the given MEASUREMENT_CONCEPT_ID,
MEASUREMENT,MEASUREMENT_CONCEPT_ID,3006504,Eosinophils/100 leukocytes in Blood,,,,,,,,,,,,,,,,,,,,,,,8554,5,Approved UNIT_CONCEPT_IDs for the given MEASUREMENT_CONCEPT_ID,
MEASUREMENT,MEASUREMENT_CONCEPT_ID,3000483,Glucose [Mass/volume] in Blood,,,,,,,,,,,,,,,,,,,,,,,8840,5,Approved UNIT_CONCEPT_IDs for the given MEASUREMENT_CONCEPT_ID,
MEASUREMENT,MEASUREMENT_CONCEPT_ID,3033543,Specific gravity of Urine,,,,,,,,,,,,,,,,,,,,,,,"8523,-1",5,Approved UNIT_CONCEPT_IDs for the given MEASUREMENT_CONCEPT_ID,
MEASUREMENT,MEASUREMENT_CONCEPT_ID,3045716,Anion gap in Serum or Plasma,,,,,,,,,,,,,,,,,,,,,,,"87,539,557",5,Approved UNIT_CONCEPT_IDs for the given MEASUREMENT_CONCEPT_ID,
MEASUREMENT,MEASUREMENT_CONCEPT_ID,4101713,High density lipoprotein cholesterol measurement,,,,,,,,,,,,,,,,,,,,,,,"8,636,873,687,538,840",5,Approved UNIT_CONCEPT_IDs for the given MEASUREMENT_CONCEPT_ID,
MEASUREMENT,MEASUREMENT_CONCEPT_ID,4103762,Anion gap measurement,,,,,,,,,,,,,,,,,,,,,,,"87,539,557",5,Approved UNIT_CONCEPT_IDs for the given MEASUREMENT_CONCEPT_ID,
MEASUREMENT,MEASUREMENT_CONCEPT_ID,3001008,Epithelial cells.squamous [#/area] in Urine sediment by Microscopy high power field,,,,,,,,,,,,,,,,,,,,,,,"876,587,868,889",5,Approved UNIT_CONCEPT_IDs for the given MEASUREMENT_CONCEPT_ID,
MEASUREMENT,MEASUREMENT_CONCEPT_ID,3009744,MCHC [Mass/volume] by Automated count,,,,,,,,,,,,,,,,,,,,,,,"856,486,368,713",5,Approved UNIT_CONCEPT_IDs for the given MEASUREMENT_CONCEPT_ID,
MEASUREMENT,MEASUREMENT_CONCEPT_ID,3013115,Eosinophils [#/volume] in Blood,,,,,,,,,,,,,,,,,,,,,,,"884,889,619,444",5,Approved UNIT_CONCEPT_IDs for the given MEASUREMENT_CONCEPT_ID,
MEASUREMENT,MEASUREMENT_CONCEPT_ID,3019550,Sodium [Moles/volume] in Serum or Plasma,,,,,,,,,,,,,,,,,,,,,,,"87,539,557",5,Approved UNIT_CONCEPT_IDs for the given MEASUREMENT_CONCEPT_ID,
MEASUREMENT,MEASUREMENT_CONCEPT_ID,3020416,Erythrocytes [#/volume] in Blood by Automated count,,,,,,,,,,,,,,,,,,,,,,,"4,477,757,587,348,810",5,Approved UNIT_CONCEPT_IDs for the given MEASUREMENT_CONCEPT_ID,
MEASUREMENT,MEASUREMENT_CONCEPT_ID,3035583,Leukocytes [#/area] in Urine sediment by Microscopy high power field,,,,,,,,,,,,,,,,,,,,,,,"87,868,889",5,Approved UNIT_CONCEPT_IDs for the given MEASUREMENT_CONCEPT_ID,
MEASUREMENT,MEASUREMENT_CONCEPT_ID,3035995,Alkaline phosphatase [Enzymatic activity/volume] in Serum or Plasma,,,,,,,,,,,,,,,,,,,,,,,"86,458,923",5,Approved UNIT_CONCEPT_IDs for the given MEASUREMENT_CONCEPT_ID,
MEASUREMENT,MEASUREMENT_CONCEPT_ID,3038553,Body mass index (BMI) [Ratio],,,,,,,,,,,,,,,,,,,,,,,9531,5,Approved UNIT_CONCEPT_IDs for the given MEASUREMENT_CONCEPT_ID,
MEASUREMENT,MEASUREMENT_CONCEPT_ID,35610320,Diastolic arterial pressure,,,,,,,,,,,,,,,,,,,,,,,8876,5,Approved UNIT_CONCEPT_IDs for the given MEASUREMENT_CONCEPT_ID,
MEASUREMENT,MEASUREMENT_CONCEPT_ID,3001490,Nucleated erythrocytes [#/volume] in Blood,,,,,,,,,,,,,,,,,,,,,,,"8,784,884,889,619,440",5,Approved UNIT_CONCEPT_IDs for the given MEASUREMENT_CONCEPT_ID,
MEASUREMENT,MEASUREMENT_CONCEPT_ID,4195214,Cholesterol/HDL ratio measurement,,,,,,,,,,,,,,,,,,,,,,,"8523,8554,8596,-1",5,Approved UNIT_CONCEPT_IDs for the given MEASUREMENT_CONCEPT_ID,
MEASUREMENT,MEASUREMENT_CONCEPT_ID,36306178,"Glomerular filtration rate/1.73 sq M.predicted among blacks [Volume Rate/Area] in Serum, Plasma or Blood by Creatinine-based formula (CKD-EPI)",,,,,,,,,,,,,,,,,,,,,,,"7,208,708,795",5,Approved UNIT_CONCEPT_IDs for the given MEASUREMENT_CONCEPT_ID,
MEASUREMENT,MEASUREMENT_CONCEPT_ID,37393850,MCHC - Mean corpuscular haemoglobin concentration,,,,,,,,,,,,,,,,,,,,,,,"86,368,713",5,Approved UNIT_CONCEPT_IDs for the given MEASUREMENT_CONCEPT_ID,
MEASUREMENT,MEASUREMENT_CONCEPT_ID,3004501,Glucose [Mass/volume] in Serum or Plasma,,,,,,,,,,,,,,,,,,,,,,,8840,5,Approved UNIT_CONCEPT_IDs for the given MEASUREMENT_CONCEPT_ID,
MEASUREMENT,MEASUREMENT_CONCEPT_ID,3008598,Thyroxine (T4) free [Mass/volume] in Serum or Plasma,,,,,,,,,,,,,,,,,,,,,,,8817,5,Approved UNIT_CONCEPT_IDs for the given MEASUREMENT_CONCEPT_ID,
MEASUREMENT,MEASUREMENT_CONCEPT_ID,3018010,Neutrophils/100 leukocytes in Blood,,,,,,,,,,,,,,,,,,,,,,,"8554,-1",5,Approved UNIT_CONCEPT_IDs for the given MEASUREMENT_CONCEPT_ID,
MEASUREMENT,MEASUREMENT_CONCEPT_ID,3022192,Triglyceride [Mass/volume] in Serum or Plasma,,,,,,,,,,,,,,,,,,,,,,,8840,5,Approved UNIT_CONCEPT_IDs for the given MEASUREMENT_CONCEPT_ID,
MEASUREMENT,MEASUREMENT_CONCEPT_ID,4151768,Pack years,,,,,,,,,,,,,,,,,,,,,,,"9448,-1",5,Approved UNIT_CONCEPT_IDs for the given MEASUREMENT_CONCEPT_ID,
MEASUREMENT,MEASUREMENT_CONCEPT_ID,4197602,Serum TSH measurement,,,,,,,,,,,,,,,,,,,,,,,"871,990,409,093",5,Approved UNIT_CONCEPT_IDs for the given MEASUREMENT_CONCEPT_ID,
MEASUREMENT,MEASUREMENT_CONCEPT_ID,46236952,"Glomerular filtration rate/1.73 sq M.predicted [Volume Rate/Area] in Serum, Plasma or Blood by Creatinine-based formula (MDRD)",,,,,,,,,,,,,,,,,,,,,,,"7,208,708,795",5,Approved UNIT_CONCEPT_IDs for the given MEASUREMENT_CONCEPT_ID,
MEASUREMENT,MEASUREMENT_CONCEPT_ID,3006906,Calcium [Mass/volume] in Serum or Plasma,,,,,,,,,,,,,,,,,,,,,,,8840,5,Approved UNIT_CONCEPT_IDs for the given MEASUREMENT_CONCEPT_ID,
MEASUREMENT,MEASUREMENT_CONCEPT_ID,3007070,Cholesterol in HDL [Mass/volume] in Serum or Plasma,,,,,,,,,,,,,,,,,,,,,,,8840,5,Approved UNIT_CONCEPT_IDs for the given MEASUREMENT_CONCEPT_ID,
MEASUREMENT,MEASUREMENT_CONCEPT_ID,3020460,C reactive protein [Mass/volume] in Serum or Plasma,,,,,,,,,,,,,,,,,,,,,,,"87,518,840",5,Approved UNIT_CONCEPT_IDs for the given MEASUREMENT_CONCEPT_ID,
MEASUREMENT,MEASUREMENT_CONCEPT_ID,3023314,Hematocrit [Volume Fraction] of Blood by Automated count,,,,,,,,,,,,,,,,,,,,,,,"447,776,048,554",5,Approved UNIT_CONCEPT_IDs for the given MEASUREMENT_CONCEPT_ID,
MEASUREMENT,MEASUREMENT_CONCEPT_ID,3035941,MCH [Entitic mass],,,,,,,,,,,,,,,,,,,,,,,"85,649,655",5,Approved UNIT_CONCEPT_IDs for the given MEASUREMENT_CONCEPT_ID,
MEASUREMENT,MEASUREMENT_CONCEPT_ID,3037072,Urobilinogen [Mass/volume] in Urine by Test strip,,,,,,,,,,,,,,,,,,,,,,,8840,5,Approved UNIT_CONCEPT_IDs for the given MEASUREMENT_CONCEPT_ID,
MEASUREMENT,MEASUREMENT_CONCEPT_ID,4151358,Hematocrit determination,,,,,,,,,,,,,,,,,,,,,,,"447,776,048,554",5,Approved UNIT_CONCEPT_IDs for the given MEASUREMENT_CONCEPT_ID,
MEASUREMENT,MEASUREMENT_CONCEPT_ID,4194332,Monocyte count,,,,,,,,,,,,,,,,,,,,,,,"8,784,884,889,619,440",5,Approved UNIT_CONCEPT_IDs for the given MEASUREMENT_CONCEPT_ID,
MEASUREMENT,MEASUREMENT_CONCEPT_ID,3001123,Platelet mean volume [Entitic volume] in Blood,,,,,,,,,,,,,,,,,,,,,,,8583,5,Approved UNIT_CONCEPT_IDs for the given MEASUREMENT_CONCEPT_ID,
MEASUREMENT,MEASUREMENT_CONCEPT_ID,3012888,Diastolic blood pressure,,,,,,,,,,,,,,,,,,,,,,,8876,5,Approved UNIT_CONCEPT_IDs for the given MEASUREMENT_CONCEPT_ID,
MEASUREMENT,MEASUREMENT_CONCEPT_ID,3013707,Erythrocyte sedimentation rate by Westergren method,,,,,,,,,,,,,,,,,,,,,,,8752,5,Approved UNIT_CONCEPT_IDs for the given MEASUREMENT_CONCEPT_ID,
MEASUREMENT,MEASUREMENT_CONCEPT_ID,3037511,Lymphocytes/100 leukocytes in Blood by Automated count,,,,,,,,,,,,,,,,,,,,,,,8554,5,Approved UNIT_CONCEPT_IDs for the given MEASUREMENT_CONCEPT_ID,
MEASUREMENT,MEASUREMENT_CONCEPT_ID,3040168,Immature granulocytes [#/volume] in Blood,,,,,,,,,,,,,,,,,,,,,,,"884,889,619,444",5,Approved UNIT_CONCEPT_IDs for the given MEASUREMENT_CONCEPT_ID,
MEASUREMENT,MEASUREMENT_CONCEPT_ID,4097430,Sodium measurement,,,,,,,,,,,,,,,,,,,,,,,"87,539,557",5,Approved UNIT_CONCEPT_IDs for the given MEASUREMENT_CONCEPT_ID,
MEASUREMENT,MEASUREMENT_CONCEPT_ID,3005424,Body surface area,,,,,,,,,,,,,,,,,,,,,,,8617,5,Approved UNIT_CONCEPT_IDs for the given MEASUREMENT_CONCEPT_ID,
MEASUREMENT,MEASUREMENT_CONCEPT_ID,3013603,Prostate specific Ag [Mass/volume] in Serum or Plasma,,,,,,,,,,,,,,,,,,,,,,,"87,488,842",5,Approved UNIT_CONCEPT_IDs for the given MEASUREMENT_CONCEPT_ID,
MEASUREMENT,MEASUREMENT_CONCEPT_ID,3020509,Albumin/Globulin [Mass Ratio] in Serum or Plasma,,,,,,,,,,,,,,,,,,,,,,,"8523,8554,8596,-1",5,Approved UNIT_CONCEPT_IDs for the given MEASUREMENT_CONCEPT_ID,
MEASUREMENT,MEASUREMENT_CONCEPT_ID,3036277,Body height,,,,,,,,,,,,,,,,,,,,,,,"8,582,932,793,309,540",5,Approved UNIT_CONCEPT_IDs for the given MEASUREMENT_CONCEPT_ID,
MEASUREMENT,MEASUREMENT_CONCEPT_ID,4301868,Pulse rate,,,,,,,,,,,,,,,,,,,,,,,"848,385,418,581",5,Approved UNIT_CONCEPT_IDs for the given MEASUREMENT_CONCEPT_ID,
MEASUREMENT,MEASUREMENT_CONCEPT_ID,40762636,Body mass index (BMI) [Percentile],,,,,,,,,,,,,,,,,,,,,,,8554,5,Approved UNIT_CONCEPT_IDs for the given MEASUREMENT_CONCEPT_ID,
MEASUREMENT,MEASUREMENT_CONCEPT_ID,40765040,25-Hydroxyvitamin D3+25-Hydroxyvitamin D2 [Mass/volume] in Serum or Plasma,,,,,,,,,,,,,,,,,,,,,,,"88,428,845",5,Approved UNIT_CONCEPT_IDs for the given MEASUREMENT_CONCEPT_ID,
MEASUREMENT,MEASUREMENT_CONCEPT_ID,3024386,Platelet mean volume [Entitic volume] in Blood by Rees-Ecker,,,,,,,,,,,,,,,,,,,,,,,8583,5,Approved UNIT_CONCEPT_IDs for the given MEASUREMENT_CONCEPT_ID,
MEASUREMENT,MEASUREMENT_CONCEPT_ID,3009201,Thyrotropin [Units/volume] in Serum or Plasma,,,,,,,,,,,,,,,,,,,,,,,"44,777,578,871,990,400,000",5,Approved UNIT_CONCEPT_IDs for the given MEASUREMENT_CONCEPT_ID,
MEASUREMENT,MEASUREMENT_CONCEPT_ID,3024731,MCV [Entitic volume],,,,,,,,,,,,,,,,,,,,,,,8583,5,Approved UNIT_CONCEPT_IDs for the given MEASUREMENT_CONCEPT_ID,
MEASUREMENT,MEASUREMENT_CONCEPT_ID,3050479,Immature granulocytes/100 leukocytes in Blood,,,,,,,,,,,,,,,,,,,,,,,"8554,-1",5,Approved UNIT_CONCEPT_IDs for the given MEASUREMENT_CONCEPT_ID,
MEASUREMENT,MEASUREMENT_CONCEPT_ID,4012479,Low density lipoprotein cholesterol measurement,,,,,,,,,,,,,,,,,,,,,,,"863,687,538,840",5,Approved UNIT_CONCEPT_IDs for the given MEASUREMENT_CONCEPT_ID,
MEASUREMENT,MEASUREMENT_CONCEPT_ID,4152194,Systolic blood pressure,,,,,,,,,,,,,,,,,,,,,,,8876,5,Approved UNIT_CONCEPT_IDs for the given MEASUREMENT_CONCEPT_ID,
MEASUREMENT,MEASUREMENT_CONCEPT_ID,37393840,Haematocrit,,,,,,,,,,,,,,,,,,,,,,,"44777604,8523,8554,-1",5,Approved UNIT_CONCEPT_IDs for the given MEASUREMENT_CONCEPT_ID,
MEASUREMENT,MEASUREMENT_CONCEPT_ID,3000593,Cobalamin (Vitamin B12) [Mass/volume] in Serum or Plasma,,,,,,,,,,,,,,,,,,,,,,,8845,5,Approved UNIT_CONCEPT_IDs for the given MEASUREMENT_CONCEPT_ID,
MEASUREMENT,MEASUREMENT_CONCEPT_ID,3002888,Erythrocyte distribution width [Entitic volume],,,,,,,,,,,,,,,,,,,,,,,8583,5,Approved UNIT_CONCEPT_IDs for the given MEASUREMENT_CONCEPT_ID,
MEASUREMENT,MEASUREMENT_CONCEPT_ID,3010910,Erythrocytes [#/volume] in Body fluid,,,,,,,,,,,,,,,,,,,,,,,"8,647,878,588,158,930",5,Approved UNIT_CONCEPT_IDs for the given MEASUREMENT_CONCEPT_ID,
MEASUREMENT,MEASUREMENT_CONCEPT_ID,3013290,Carbon dioxide [Partial pressure] in Blood,,,,,,,,,,,,,,,,,,,,,,,8876,5,Approved UNIT_CONCEPT_IDs for the given MEASUREMENT_CONCEPT_ID,
MEASUREMENT,MEASUREMENT_CONCEPT_ID,3027970,Globulin [Mass/volume] in Serum by calculation,,,,,,,,,,,,,,,,,,,,,,,"863,687,138,950",5,Approved UNIT_CONCEPT_IDs for the given MEASUREMENT_CONCEPT_ID,
MEASUREMENT,MEASUREMENT_CONCEPT_ID,4239408,Heart rate,,,,,,,,,,,,,,,,,,,,,,,"848,385,418,581",5,Approved UNIT_CONCEPT_IDs for the given MEASUREMENT_CONCEPT_ID,
MEASUREMENT,MEASUREMENT_CONCEPT_ID,3010813,Leukocytes [#/volume] in Blood,,,,,,,,,,,,,,,,,,,,,,,"44,777,588,884,889,600,000",5,Approved UNIT_CONCEPT_IDs for the given MEASUREMENT_CONCEPT_ID,
MEASUREMENT,MEASUREMENT_CONCEPT_ID,3023103,Potassium [Moles/volume] in Serum or Plasma,,,,,,,,,,,,,,,,,,,,,,,"87,539,557",5,Approved UNIT_CONCEPT_IDs for the given MEASUREMENT_CONCEPT_ID,
MEASUREMENT,MEASUREMENT_CONCEPT_ID,4030871,Red blood cell count,,,,,,,,,,,,,,,,,,,,,,,"8,734,881,589,319,440",5,Approved UNIT_CONCEPT_IDs for the given MEASUREMENT_CONCEPT_ID,
MEASUREMENT,MEASUREMENT_CONCEPT_ID,4154790,Diastolic blood pressure,,,,,,,,,,,,,,,,,,,,,,,8876,5,Approved UNIT_CONCEPT_IDs for the given MEASUREMENT_CONCEPT_ID,
MEASUREMENT,MEASUREMENT_CONCEPT_ID,4217013,Systolic arterial pressure,,,,,,,,,,,,,,,,,,,,,,,8876,5,Approved UNIT_CONCEPT_IDs for the given MEASUREMENT_CONCEPT_ID,
MEASUREMENT,MEASUREMENT_CONCEPT_ID,3001318,Cholesterol.total/Cholesterol in HDL [Percentile],,,,,,,,,,,,,,,,,,,,,,,"8554,8596,-1",5,Approved UNIT_CONCEPT_IDs for the given MEASUREMENT_CONCEPT_ID,
MEASUREMENT,MEASUREMENT_CONCEPT_ID,3004249,Systolic blood pressure,,,,,,,,,,,,,,,,,,,,,,,8876,5,Approved UNIT_CONCEPT_IDs for the given MEASUREMENT_CONCEPT_ID,
MEASUREMENT,MEASUREMENT_CONCEPT_ID,3009596,Cholesterol in VLDL [Mass/volume] in Serum or Plasma by calculation,,,,,,,,,,,,,,,,,,,,,,,"85,768,840",5,Approved UNIT_CONCEPT_IDs for the given MEASUREMENT_CONCEPT_ID,
MEASUREMENT,MEASUREMENT_CONCEPT_ID,3025315,Body weight,,,,,,,,,,,,,,,,,,,,,,,"8,739,934,693,739,520",5,Approved UNIT_CONCEPT_IDs for the given MEASUREMENT_CONCEPT_ID,
MEASUREMENT,MEASUREMENT_CONCEPT_ID,3053283,"Glomerular filtration rate/1.73 sq M.predicted among blacks [Volume Rate/Area] in Serum, Plasma or Blood by Creatinine-based formula (MDRD)",,,,,,,,,,,,,,,,,,,,,,,"7,208,708,795",5,Approved UNIT_CONCEPT_IDs for the given MEASUREMENT_CONCEPT_ID,
MEASUREMENT,MEASUREMENT_CONCEPT_ID,4008265,Total cholesterol measurement,,,,,,,,,,,,,,,,,,,,,,,"873,687,538,840",5,Approved UNIT_CONCEPT_IDs for the given MEASUREMENT_CONCEPT_ID,
MEASUREMENT,MEASUREMENT_CONCEPT_ID,36303797,"Glomerular filtration rate/1.73 sq M.predicted among non-blacks [Volume Rate/Area] in Serum, Plasma or Blood by Creatinine-based formula (CKD-EPI)",,,,,,,,,,,,,,,,,,,,,,,"7,208,708,795",5,Approved UNIT_CONCEPT_IDs for the given MEASUREMENT_CONCEPT_ID,
MEASUREMENT,MEASUREMENT_CONCEPT_ID,37398460,Serum alkaline phosphatase level,,,,,,,,,,,,,,,,,,,,,,,"3,299,586,458,923",5,Approved UNIT_CONCEPT_IDs for the given MEASUREMENT_CONCEPT_ID,
MEASUREMENT,MEASUREMENT_CONCEPT_ID,3013682,Urea nitrogen [Mass/volume] in Serum or Plasma,,,,,,,,,,,,,,,,,,,,,,,8840,5,Approved UNIT_CONCEPT_IDs for the given MEASUREMENT_CONCEPT_ID,
MEASUREMENT,MEASUREMENT_CONCEPT_ID,3026361,Erythrocytes [#/volume] in Blood,,,,,,,,,,,,,,,,,,,,,,,"32,706,878,588,158,900",5,Approved UNIT_CONCEPT_IDs for the given MEASUREMENT_CONCEPT_ID,
MEASUREMENT,MEASUREMENT_CONCEPT_ID,3027018,Heart rate,,,,,,,,,,,,,,,,,,,,,,,"8483,8541,-1",5,Approved UNIT_CONCEPT_IDs for the given MEASUREMENT_CONCEPT_ID,
MEASUREMENT,MEASUREMENT_CONCEPT_ID,4013965,"Oxygen saturation measurement, arterial",,,,,,,,,,,,,,,,,,,,,,,8554,5,Approved UNIT_CONCEPT_IDs for the given MEASUREMENT_CONCEPT_ID,
MEASUREMENT,MEASUREMENT_CONCEPT_ID,3013429,Basophils [#/volume] in Blood by Automated count,,,,,,,,,,,,,,,,,,,,,,,"878,488,168,848,896,000,000,000",5,Approved UNIT_CONCEPT_IDs for the given MEASUREMENT_CONCEPT_ID,
MEASUREMENT,MEASUREMENT_CONCEPT_ID,3023599,MCV [Entitic volume] by Automated count,,,,,,,,,,,,,,,,,,,,,,,8583,5,Approved UNIT_CONCEPT_IDs for the given MEASUREMENT_CONCEPT_ID,
MEASUREMENT,MEASUREMENT_CONCEPT_ID,3036588,Neutrophil cytoplasmic Ab.perinuclear [Presence] in Serum,,,,,,,,,,,,,,,,,,,,,,,"8525,-1",5,Approved UNIT_CONCEPT_IDs for the given MEASUREMENT_CONCEPT_ID,
MEASUREMENT,MEASUREMENT_CONCEPT_ID,4298431,White blood cell count,,,,,,,,,,,,,,,,,,,,,,,"88,488,961",5,Approved UNIT_CONCEPT_IDs for the given MEASUREMENT_CONCEPT_ID,
MEASUREMENT,MEASUREMENT_CONCEPT_ID,3017732,Neutrophils [#/volume] in Blood,,,,,,,,,,,,,,,,,,,,,,,"884,889,619,444",5,Approved UNIT_CONCEPT_IDs for the given MEASUREMENT_CONCEPT_ID,
MEASUREMENT,MEASUREMENT_CONCEPT_ID,3024561,Albumin [Mass/volume] in Serum or Plasma,,,,,,,,,,,,,,,,,,,,,,,"86,368,713",5,Approved UNIT_CONCEPT_IDs for the given MEASUREMENT_CONCEPT_ID,
MEASUREMENT,MEASUREMENT_CONCEPT_ID,3034639,Hemoglobin A1c [Mass/volume] in Blood,,,,,,,,,,,,,,,,,,,,,,,"87,138,840",5,Approved UNIT_CONCEPT_IDs for the given MEASUREMENT_CONCEPT_ID,
MEASUREMENT,MEASUREMENT_CONCEPT_ID,3013650,Neutrophils [#/volume] in Blood by Automated count,,,,,,,,,,,,,,,,,,,,,,,"8,784,884,889,619,440",5,Approved UNIT_CONCEPT_IDs for the given MEASUREMENT_CONCEPT_ID,
MEASUREMENT,MEASUREMENT_CONCEPT_ID,3021886,Globulin [Mass/volume] in Serum,,,,,,,,,,,,,,,,,,,,,,,"863,687,138,950",5,Approved UNIT_CONCEPT_IDs for the given MEASUREMENT_CONCEPT_ID,
MEASUREMENT,MEASUREMENT_CONCEPT_ID,4254663,Lymphocyte count,,,,,,,,,,,,,,,,,,,,,,,8848,5,Approved UNIT_CONCEPT_IDs for the given MEASUREMENT_CONCEPT_ID,
MEASUREMENT,MEASUREMENT_CONCEPT_ID,3001420,Magnesium [Mass/volume] in Serum or Plasma,,,,,,,,,,,,,,,,,,,,,,,8840,5,Approved UNIT_CONCEPT_IDs for the given MEASUREMENT_CONCEPT_ID,
MEASUREMENT,MEASUREMENT_CONCEPT_ID,3007461,Platelets [#/volume] in Blood,,,,,,,,,,,,,,,,,,,,,,,"884,889,619,444",5,Approved UNIT_CONCEPT_IDs for the given MEASUREMENT_CONCEPT_ID,
MEASUREMENT,MEASUREMENT_CONCEPT_ID,3012030,MCH [Entitic mass] by Automated count,,,,,,,,,,,,,,,,,,,,,,,8564,5,Approved UNIT_CONCEPT_IDs for the given MEASUREMENT_CONCEPT_ID,
MEASUREMENT,MEASUREMENT_CONCEPT_ID,40764999,"Glomerular filtration rate/1.73 sq M.predicted [Volume Rate/Area] in Serum, Plasma or Blood by Creatinine-based formula (CKD-EPI)",,,,,,,,,,,,,,,,,,,,,,,"7,208,708,795",5,Approved UNIT_CONCEPT_IDs for the given MEASUREMENT_CONCEPT_ID,
MEASUREMENT,MEASUREMENT_CONCEPT_ID,3008893,Testosterone [Mass/volume] in Serum or Plasma,,,,,,,,,,,,,,,,,,,,,,,8817,5,Approved UNIT_CONCEPT_IDs for the given MEASUREMENT_CONCEPT_ID,
MEASUREMENT,MEASUREMENT_CONCEPT_ID,3016723,Creatinine [Mass/volume] in Serum or Plasma,,,,,,,,,,,,,,,,,,,,,,,8840,5,Approved UNIT_CONCEPT_IDs for the given MEASUREMENT_CONCEPT_ID,
MEASUREMENT,MEASUREMENT_CONCEPT_ID,3026910,Gamma glutamyl transferase [Enzymatic activity/volume] in Serum or Plasma,,,,,,,,,,,,,,,,,,,,,,,"86,458,923",5,Approved UNIT_CONCEPT_IDs for the given MEASUREMENT_CONCEPT_ID,
MEASUREMENT,MEASUREMENT_CONCEPT_ID,3033575,Monocytes [#/volume] in Blood by Automated count,,,,,,,,,,,,,,,,,,,,,,,"878,488,168,848,896,000,000,000",5,Approved UNIT_CONCEPT_IDs for the given MEASUREMENT_CONCEPT_ID,
MEASUREMENT,MEASUREMENT_CONCEPT_ID,3041084,Immature granulocytes [#/volume] in Blood by Automated count,,,,,,,,,,,,,,,,,,,,,,,"884,889,619,444",5,Approved UNIT_CONCEPT_IDs for the given MEASUREMENT_CONCEPT_ID,
MEASUREMENT,MEASUREMENT_CONCEPT_ID,4184637,Hemoglobin A1c measurement,,,,,,,,,,,,,,,,,,,,,,,"855,486,328,737",5,Approved UNIT_CONCEPT_IDs for the given MEASUREMENT_CONCEPT_ID,
MEASUREMENT,MEASUREMENT_CONCEPT_ID,4313591,Respiratory rate,,,,,,,,,,,,,,,,,,,,,,,"84,838,541",5,Approved UNIT_CONCEPT_IDs for the given MEASUREMENT_CONCEPT_ID,
MEASUREMENT,MEASUREMENT_CONCEPT_ID,37393851,MCV - Mean corpuscular volume,,,,,,,,,,,,,,,,,,,,,,,8583,5,Approved UNIT_CONCEPT_IDs for the given MEASUREMENT_CONCEPT_ID,
MEASUREMENT,MEASUREMENT_CONCEPT_ID,1619025,"Glomerular filtration rate/1.73 sq M.predicted [Volume Rate/Area] in Serum, Plasma or Blood by Creatinine-based formula (CKD-EPI 2021)",,,,,,,,,,,,,,,,,,,,,,,"7,208,708,795",5,Approved UNIT_CONCEPT_IDs for the given MEASUREMENT_CONCEPT_ID,
MEASUREMENT,MEASUREMENT_CONCEPT_ID,3013869,Basophils/100 leukocytes in Blood by Automated count,,,,,,,,,,,,,,,,,,,,,,,8554,5,Approved UNIT_CONCEPT_IDs for the given MEASUREMENT_CONCEPT_ID,
MEASUREMENT,MEASUREMENT_CONCEPT_ID,3035472,Albumin/Protein.total in Serum or Plasma,,,,,,,,,,,,,,,,,,,,,,,"8554,-1",5,Approved UNIT_CONCEPT_IDs for the given MEASUREMENT_CONCEPT_ID,
MEASUREMENT,MEASUREMENT_CONCEPT_ID,3039000,Anion gap in Blood,,,,,,,,,,,,,,,,,,,,,,,"87,539,557",5,Approved UNIT_CONCEPT_IDs for the given MEASUREMENT_CONCEPT_ID,
MEASUREMENT,MEASUREMENT_CONCEPT_ID,3000905,Leukocytes [#/volume] in Blood by Automated count,,,,,,,,,,,,,,,,,,,,,,,"88,168,848,896,194,300,000",5,Approved UNIT_CONCEPT_IDs for the given MEASUREMENT_CONCEPT_ID,
MEASUREMENT,MEASUREMENT_CONCEPT_ID,3015632,"Carbon dioxide, total [Moles/volume] in Serum or Plasma",,,,,,,,,,,,,,,,,,,,,,,"87,539,557",5,Approved UNIT_CONCEPT_IDs for the given MEASUREMENT_CONCEPT_ID,
MEASUREMENT,MEASUREMENT_CONCEPT_ID,3032710,Calcium.ionized/Calcium.total corrected for albumin in Blood,,,,,,,,,,,,,,,,,,,,,,,"8554,-1",5,Approved UNIT_CONCEPT_IDs for the given MEASUREMENT_CONCEPT_ID,
MEASUREMENT,MEASUREMENT_CONCEPT_ID,4197971,HbA1c measurement (DCCT aligned),,,,,,,,,,,,,,,,,,,,,,,"855,486,328,737",5,Approved UNIT_CONCEPT_IDs for the given MEASUREMENT_CONCEPT_ID,
MEASUREMENT,MEASUREMENT_CONCEPT_ID,42869452,Immature granulocytes/100 leukocytes in Blood by Automated count,,,,,,,,,,,,,,,,,,,,,,,"8554,-1",5,Approved UNIT_CONCEPT_IDs for the given MEASUREMENT_CONCEPT_ID,
MEASUREMENT,MEASUREMENT_CONCEPT_ID,3002109,Cholesterol in LDL/Cholesterol in HDL [Mass Ratio] in Serum or Plasma,,,,,,,,,,,,,,,,,,,,,,,"8523,8596,8606,-1",5,Approved UNIT_CONCEPT_IDs for the given MEASUREMENT_CONCEPT_ID,
MEASUREMENT,MEASUREMENT_CONCEPT_ID,3004327,Lymphocytes [#/volume] in Blood by Automated count,,,,,,,,,,,,,,,,,,,,,,,"878,488,168,848,896,000,000,000",5,Approved UNIT_CONCEPT_IDs for the given MEASUREMENT_CONCEPT_ID,
MEASUREMENT,MEASUREMENT_CONCEPT_ID,3006322,Oral temperature,,,,,,,,,,,,,,,,,,,,,,,586323,5,Approved UNIT_CONCEPT_IDs for the given MEASUREMENT_CONCEPT_ID,
MEASUREMENT,MEASUREMENT_CONCEPT_ID,3008342,Neutrophils/100 leukocytes in Blood by Automated count,,,,,,,,,,,,,,,,,,,,,,,8554,5,Approved UNIT_CONCEPT_IDs for the given MEASUREMENT_CONCEPT_ID,
MEASUREMENT,MEASUREMENT_CONCEPT_ID,3020630,Protein [Mass/volume] in Serum or Plasma,,,,,,,,,,,,,,,,,,,,,,,"86,368,713",5,Approved UNIT_CONCEPT_IDs for the given MEASUREMENT_CONCEPT_ID,
MEASUREMENT,MEASUREMENT_CONCEPT_ID,3001122,Ferritin [Mass/volume] in Serum or Plasma,,,,,,,,,,,,,,,,,,,,,,,"87,488,842",5,Approved UNIT_CONCEPT_IDs for the given MEASUREMENT_CONCEPT_ID,
MEASUREMENT,MEASUREMENT_CONCEPT_ID,3009542,Hematocrit [Volume Fraction] of Blood,,,,,,,,,,,,,,,,,,,,,,,8554,5,Approved UNIT_CONCEPT_IDs for the given MEASUREMENT_CONCEPT_ID,
MEASUREMENT,MEASUREMENT_CONCEPT_ID,3010189,Epithelial cells [#/area] in Urine sediment by Microscopy high power field,,,,,,,,,,,,,,,,,,,,,,,"87,658,786",5,Approved UNIT_CONCEPT_IDs for the given MEASUREMENT_CONCEPT_ID,
MEASUREMENT,MEASUREMENT_CONCEPT_ID,3010457,Eosinophils/100 leukocytes in Blood by Automated count,,,,,,,,,,,,,,,,,,,,,,,8554,5,Approved UNIT_CONCEPT_IDs for the given MEASUREMENT_CONCEPT_ID,
MEASUREMENT,MEASUREMENT_CONCEPT_ID,4192368,Platelet mean volume determination,,,,,,,,,,,,,,,,,,,,,,,8583,5,Approved UNIT_CONCEPT_IDs for the given MEASUREMENT_CONCEPT_ID,
MEASUREMENT,MEASUREMENT_CONCEPT_ID,3014576,Chloride [Moles/volume] in Serum or Plasma,,,,,,,,,,,,,,,,,,,,,,,"87,539,557",5,Approved UNIT_CONCEPT_IDs for the given MEASUREMENT_CONCEPT_ID,
MEASUREMENT,MEASUREMENT_CONCEPT_ID,3024128,Bilirubin.total [Mass/volume] in Serum or Plasma,,,,,,,,,,,,,,,,,,,,,,,8840,5,Approved UNIT_CONCEPT_IDs for the given MEASUREMENT_CONCEPT_ID,
MEASUREMENT,MEASUREMENT_CONCEPT_ID,3018311,Urea nitrogen/Creatinine [Mass Ratio] in Serum or Plasma,,,,,,,,,,,,,,,,,,,,,,,"8523,8554,8596,-1",5,Approved UNIT_CONCEPT_IDs for the given MEASUREMENT_CONCEPT_ID,
MEASUREMENT,MEASUREMENT_CONCEPT_ID,3020891,Body temperature,,,,,,,,,,,,,,,,,,,,,,,"5,863,239,289",5,Approved UNIT_CONCEPT_IDs for the given MEASUREMENT_CONCEPT_ID,
MEASUREMENT,MEASUREMENT_CONCEPT_ID,3037556,Urate [Mass/volume] in Serum or Plasma,,,,,,,,,,,,,,,,,,,,,,,8840,5,Approved UNIT_CONCEPT_IDs for the given MEASUREMENT_CONCEPT_ID,
MEASUREMENT,MEASUREMENT_CONCEPT_ID,37399332,Serum TSH (thyroid stimulating hormone) level,,,,,,,,,,,,,,,,,,,,,,,"447,775,789,040",5,Approved UNIT_CONCEPT_IDs for the given MEASUREMENT_CONCEPT_ID,
MEASUREMENT,MEASUREMENT_CONCEPT_ID,3011904,Phosphate [Mass/volume] in Serum or Plasma,,,,,,,,,,,,,,,,,,,,,,,8840,5,Approved UNIT_CONCEPT_IDs for the given MEASUREMENT_CONCEPT_ID,
MEASUREMENT,MEASUREMENT_CONCEPT_ID,3019897,Erythrocyte distribution width [Ratio] by Automated count,,,,,,,,,,,,,,,,,,,,,,,"8554,-1",5,Approved UNIT_CONCEPT_IDs for the given MEASUREMENT_CONCEPT_ID,
MEASUREMENT,MEASUREMENT_CONCEPT_ID,3025255,Bacteria [#/area] in Urine sediment by Microscopy high power field,,,,,,,,,,,,,,,,,,,,,,,8786,5,Approved UNIT_CONCEPT_IDs for the given MEASUREMENT_CONCEPT_ID,
MEASUREMENT,MEASUREMENT_CONCEPT_ID,4076704,High density lipoprotein measurement,,,,,,,,,,,,,,,,,,,,,,,"87,538,840",5,Approved UNIT_CONCEPT_IDs for the given MEASUREMENT_CONCEPT_ID,
MEASUREMENT,MEASUREMENT_CONCEPT_ID,4172647,Basophil count,,,,,,,,,,,,,,,,,,,,,,,"884,889,619,444",5,Approved UNIT_CONCEPT_IDs for the given MEASUREMENT_CONCEPT_ID,
MEASUREMENT,MEASUREMENT_CONCEPT_ID,37393531,Serum alanine aminotransferase level,,,,,,,,,,,,,,,,,,,,,,,"3,299,586,458,923",5,Approved UNIT_CONCEPT_IDs for the given MEASUREMENT_CONCEPT_ID,
MEASUREMENT,MEASUREMENT_CONCEPT_ID,40771529,Immature granulocytes/100 leukocytes in Body fluid,,,,,,,,,,,,,,,,,,,,,,,"8554,-1",5,Approved UNIT_CONCEPT_IDs for the given MEASUREMENT_CONCEPT_ID,
MEASUREMENT,MEASUREMENT_CONCEPT_ID,3000034,Microalbumin [Mass/volume] in Urine,,,,,,,,,,,,,,,,,,,,,,,"85,768,723,875,188,400,000",5,Approved UNIT_CONCEPT_IDs for the given MEASUREMENT_CONCEPT_ID,
MEASUREMENT,MEASUREMENT_CONCEPT_ID,3035124,Erythrocytes [#/area] in Urine sediment by Microscopy high power field,,,,,,,,,,,,,,,,,,,,,,,"87,868,889",5,Approved UNIT_CONCEPT_IDs for the given MEASUREMENT_CONCEPT_ID,
MEASUREMENT,MEASUREMENT_CONCEPT_ID,3002030,Lymphocytes/100 leukocytes in Blood,,,,,,,,,,,,,,,,,,,,,,,"85,548,848",5,Approved UNIT_CONCEPT_IDs for the given MEASUREMENT_CONCEPT_ID,
MEASUREMENT,MEASUREMENT_CONCEPT_ID,3019170,Thyrotropin [Units/volume] in Serum or Plasma by Detection limit <= 0.005 mIU/L,,,,,,,,,,,,,,,,,,,,,,,"4,477,757,887,198,860,000,000,000,000",5,Approved UNIT_CONCEPT_IDs for the given MEASUREMENT_CONCEPT_ID,
MEASUREMENT,MEASUREMENT_CONCEPT_ID,3020149,25-hydroxyvitamin D3 [Mass/volume] in Serum or Plasma,,,,,,,,,,,,,,,,,,,,,,,8842,5,Approved UNIT_CONCEPT_IDs for the given MEASUREMENT_CONCEPT_ID,
MEASUREMENT,MEASUREMENT_CONCEPT_ID,3022174,Leukocytes [#/volume] in Body fluid,,,,,,,,,,,,,,,,,,,,,,,"86,478,784,878,588,400,000",5,Approved UNIT_CONCEPT_IDs for the given MEASUREMENT_CONCEPT_ID,
MEASUREMENT,MEASUREMENT_CONCEPT_ID,3024929,Platelets [#/volume] in Blood by Automated count,,,,,,,,,,,,,,,,,,,,,,,"88,168,848,896,194,300,000",5,Approved UNIT_CONCEPT_IDs for the given MEASUREMENT_CONCEPT_ID,
MEASUREMENT,MEASUREMENT_CONCEPT_ID,3049187,"Glomerular filtration rate/1.73 sq M.predicted among non-blacks [Volume Rate/Area] in Serum, Plasma or Blood by Creatinine-based formula (MDRD)",,,,,,,,,,,,,,,,,,,,,,,"7,208,708,795",5,Approved UNIT_CONCEPT_IDs for the given MEASUREMENT_CONCEPT_ID,
MEASUREMENT,MEASUREMENT_CONCEPT_ID,37398676,Basophil count,,,,,,,,,,,,,,,,,,,,,,,8848,5,Approved UNIT_CONCEPT_IDs for the given MEASUREMENT_CONCEPT_ID,
MEASUREMENT,MEASUREMENT_CONCEPT_ID,4112223,BUN/Creatinine ratio,,,,,,,,,,,,,,,,,,,,,,,"8523,8596,-1",5,Approved UNIT_CONCEPT_IDs for the given MEASUREMENT_CONCEPT_ID,
MEASUREMENT,MEASUREMENT_CONCEPT_ID,3017250,Creatinine [Mass/volume] in Urine,,,,,,,,,,,,,,,,,,,,,,,"85,768,840",5,Approved UNIT_CONCEPT_IDs for the given MEASUREMENT_CONCEPT_ID,
MEASUREMENT,MEASUREMENT_CONCEPT_ID,4191837,Calculated LDL cholesterol level,,,,,,,,,,,,,,,,,,,,,,,8840,5,Approved UNIT_CONCEPT_IDs for the given MEASUREMENT_CONCEPT_ID,
MEASUREMENT,MEASUREMENT_CONCEPT_ID,3022096,Basophils/100 leukocytes in Blood,,,,,,,,,,,,,,,,,,,,,,,8554,5,Approved UNIT_CONCEPT_IDs for the given MEASUREMENT_CONCEPT_ID,
MEASUREMENT,MEASUREMENT_CONCEPT_ID,3034485,Albumin/Creatinine [Mass Ratio] in Urine,,,,,,,,,,,,,,,,,,,,,,,"85,238,723,883,890,100,000",5,Approved UNIT_CONCEPT_IDs for the given MEASUREMENT_CONCEPT_ID,
MEASUREMENT,MEASUREMENT_CONCEPT_ID,44790183,Glomerular filtration rate testing,,,,,,,,,,,,,,,,,,,,,,,"7,208,708,795",5,Approved UNIT_CONCEPT_IDs for the given MEASUREMENT_CONCEPT_ID,
MEASUREMENT,MEASUREMENT_CONCEPT_ID,3002400,Iron [Mass/volume] in Serum or Plasma,,,,,,,,,,,,,,,,,,,,,,,"87,498,837",5,Approved UNIT_CONCEPT_IDs for the given MEASUREMENT_CONCEPT_ID,
MEASUREMENT,MEASUREMENT_CONCEPT_ID,3003338,MCHC [Mass/volume],,,,,,,,,,,,,,,,,,,,,,,8713,5,Approved UNIT_CONCEPT_IDs for the given MEASUREMENT_CONCEPT_ID,
MEASUREMENT,MEASUREMENT_CONCEPT_ID,"3038283, 3038538, 3018721, 3043645, 3043929, 3041627, 3038545, 4017497, 3041773, 3038255, 3040076, 46235170, 3040108, 40763912, 40757478, 3041340, 4190896, 3040616, 2212186, 3965752, 3028286, 3039010, 3038681, 3024561, 40764995, 3044260, 3042463, 40764996, 40763913, 3044559, 46236953, 3038666",albumin,,,,,,,,,,,,,,,,,,,,,,,,,,
MEASUREMENT,MEASUREMENT_CONCEPT_ID,"3008512, 4017498, 4152996, 46236875, 3012516",albumin_ur,,,,,,,,,,,,,,,,,,,,,,,,,,
MEASUREMENT,MEASUREMENT_CONCEPT_ID,"3030511, 3027035, 3018097, 4193719, 3008960",albumin_ur_24h,,,,,,,,,,,,,,,,,,,,,,,,,,
MEASUREMENT,MEASUREMENT_CONCEPT_ID,3027035,albumin_ur_24h_t,,,,,,,,,,,,,,,,,,,,,,,,,,
MEASUREMENT,MEASUREMENT_CONCEPT_ID,3010008,albumin_volume_ml,,,,,,,,,,,,,,,,,,,,,,,,,,
MEASUREMENT,MEASUREMENT_CONCEPT_ID,"3001110, 3003279, 3007970, 3021952, 3035400, 3035995, 3043435, 3045684, 46235077",alp,,,,,,,,,,,,,,,,,,,,,,,,,,
MEASUREMENT,MEASUREMENT_CONCEPT_ID,"46235106, 46236949, 4190899, 3006923, 3005755, 3052018, 3027388, 44788835, 3015912, 4095055",alt,,,,,,,,,,,,,,,,,,,,,,,,,,
MEASUREMENT,MEASUREMENT_CONCEPT_ID,"4153005, 4103762, 4153006, 3039000, 3021391, 3045716",anion_gap,,,,,,,,,,,,,,,,,,,,,,,,,,
MEASUREMENT,MEASUREMENT_CONCEPT_ID,"3010926, 3037539, 43055431",apr_ur,,,,,,,,,,,,,,,,,,,,,,,,,,
MEASUREMENT,MEASUREMENT_CONCEPT_ID,"3013142, 43055430",apr_ur_24h,,,,,,,,,,,,,,,,,,,,,,,,,,
MEASUREMENT,MEASUREMENT_CONCEPT_ID,"3013466, 3016529, 3008791, 3052968, 3007328, 40766287, 3018677, 3004144, 3042436, 3045961, 37399617, 44809202, 37392230, 37398968, 37392623",aptt,,,,,,,,,,,,,,,,,,,,,,,,,,
MEASUREMENT,MEASUREMENT_CONCEPT_ID,"36305398, 4094595, 3013721, 3005435, 3037081, 4197974",ast,,,,,,,,,,,,,,,,,,,,,,,,,,
MEASUREMENT,MEASUREMENT_CONCEPT_ID,3015143,autologous_volume_ml,,,,,,,,,,,,,,,,,,,,,,,,,,
MEASUREMENT,MEASUREMENT_CONCEPT_ID,"3004559, 3023548, 3021800, 3019199",base_deficit,,,,,,,,,,,,,,,,,,,,,,,,,,
MEASUREMENT,MEASUREMENT_CONCEPT_ID,"3026613, 3027215, 3021421, 3003396, 3003129, 3012501, 3002032",base_excess,,,,,,,,,,,,,,,,,,,,,,,,,,
MEASUREMENT,MEASUREMENT_CONCEPT_ID,"3046885, 3032890",basophils,,,,,,,,,,,,,,,,,,,,,,,,,,
MEASUREMENT,MEASUREMENT_CONCEPT_ID,"3022096, 3013869, 3009797",basophils_per,,,,,,,,,,,,,,,,,,,,,,,,,,
MEASUREMENT,MEASUREMENT_CONCEPT_ID,"1001686, 1002192, 1616794, 1617100, 3004490, 3006538, 3006576, 3007628, 3008152, 3014218, 3015235, 3016293, 3025817, 3027273, 3027389, 3050416, 4150494, 4194291, 4293728, 40482791, 40483572, 40757490, 42868453",bicarbonate,,,,,,,,,,,,,,,,,,,,,,,,,,
MEASUREMENT,MEASUREMENT_CONCEPT_ID,"3028638, 3027597, 4216632",bilirubin_direct,,,,,,,,,,,,,,,,,,,,,,,,,,
MEASUREMENT,MEASUREMENT_CONCEPT_ID,"3007359, 3007242",bilirubin_indirect,,,,,,,,,,,,,,,,,,,,,,,,,,
MEASUREMENT,MEASUREMENT_CONCEPT_ID,42868673,bilirubin_tot_ur,,,,,,,,,,,,,,,,,,,,,,,,,,
MEASUREMENT,MEASUREMENT_CONCEPT_ID,"3030477, 3018834",bilirubin_tot_ur_pres,,,,,,,,,,,,,,,,,,,,,,,,,,
MEASUREMENT,MEASUREMENT_CONCEPT_ID,"1175183, 1175191, 1616780, 3006140, 3024128, 3028833, 40757494, 40762888, 40762889, 46235782",bilirubin_total,,,,,,,,,,,,,,,,,,,,,,,,,,
MEASUREMENT,MEASUREMENT_CONCEPT_ID,"3011960, 3029187",bnp,,,,,,,,,,,,,,,,,,,,,,,,,,
MEASUREMENT,MEASUREMENT_CONCEPT_ID,"3022164, 3010335, 3004295, 3024641, 1002357, 3013682, 1002034, 3034104, 3034495, 3050748, 3016857, 40762632, 3028280, 3009585, 4017361, 43055235, 3026617, 1001975, 3009808, 3027219, 3050151",bun,,,,,,,,,,,,,,,,,,,,,,,,,,
MEASUREMENT,MEASUREMENT_CONCEPT_ID,3011965,bun_ur,,,,,,,,,,,,,,,,,,,,,,,,,,
MEASUREMENT,MEASUREMENT_CONCEPT_ID,3015608,bun_ur_24h,,,,,,,,,,,,,,,,,,,,,,,,,,
MEASUREMENT,MEASUREMENT_CONCEPT_ID,3017457,bun_ur_24h_t,,,,,,,,,,,,,,,,,,,,,,,,,,
MEASUREMENT,MEASUREMENT_CONCEPT_ID,"3000965, 3010156, 3020460, 3028766, 3034254, 3051387, 4048092, 4152991, 42870365, 46234770, 46234771",c-reactive_protein,,,,,,,,,,,,,,,,,,,,,,,,,,
MEASUREMENT,MEASUREMENT_CONCEPT_ID,3002481,cacr_r_ur,,,,,,,,,,,,,,,,,,,,,,,,,,
MEASUREMENT,MEASUREMENT_CONCEPT_ID,3035982,cacr_r_ur_24h,,,,,,,,,,,,,,,,,,,,,,,,,,
MEASUREMENT,MEASUREMENT_CONCEPT_ID,"3001153, 3002333, 3003893, 3004064, 3004154, 3005162, 3006906, 3007125, 3010359, 3012207, 3013088, 3013231, 3013680, 3015377, 3016623, 3018026, 3018497, 3020059, 3020678, 3022973, 3024358, 3027031, 3027495, 3027893, 3030597, 3032503, 3032543, 3034988, 3036655, 3038240, 3038423, 3038689, 3038829, 3038948, 3039245, 3039543, 3039576, 3039799, 3039823, 3040111, 3040130, 3040354, 3040412, 3040450, 3040452, 3040453, 3040485, 3040610, 3040674, 3040757, 3040773, 3040863, 3040915, 3040931, 3041207, 3041281, 3041304, 3041322, 3041460, 3041727, 3041728, 3041788, 3041883, 3041904, 3041906, 3042026, 3042028, 3042055, 3042419, 3042470, 3042639, 3043658, 3043948, 3043955, 3044237, 3044245, 3044538, 3044573, 3047107, 3049461, 4042573, 4154490, 4193029, 4193434, 4307045, 40762241, 44805588",calcium,,,,,,,,,,,,,,,,,,,,,,,,,,
MEASUREMENT,MEASUREMENT_CONCEPT_ID,"3027694, 3024250, 3021119, 3021347, 3044331, 3032271",calcium_ionized,,,,,,,,,,,,,,,,,,,,,,,,,,
MEASUREMENT,MEASUREMENT_CONCEPT_ID,3032710,calcium_ionized_corr,,,,,,,,,,,,,,,,,,,,,,,,,,
MEASUREMENT,MEASUREMENT_CONCEPT_ID,3006661,calcium_ur,,,,,,,,,,,,,,,,,,,,,,,,,,
MEASUREMENT,MEASUREMENT_CONCEPT_ID,3017730,calcium_ur_24h,,,,,,,,,,,,,,,,,,,,,,,,,,
MEASUREMENT,MEASUREMENT_CONCEPT_ID,3007687,calcium_ur_24h_t,,,,,,,,,,,,,,,,,,,,,,,,,,
MEASUREMENT,MEASUREMENT_CONCEPT_ID,"3010517, 3011550, 3023081, 3024317, 3028653, 3034030, 42869639, 42869640, 42869643, 42869644, 42869645",carboxyhem,,,,,,,,,,,,,,,,,,,,,,,,,,
MEASUREMENT,MEASUREMENT_CONCEPT_ID,"3018572, 3014576, 3031248",chloride,,,,,,,,,,,,,,,,,,,,,,,,,,
MEASUREMENT,MEASUREMENT_CONCEPT_ID,3007733,chloride_ur,,,,,,,,,,,,,,,,,,,,,,,,,,
MEASUREMENT,MEASUREMENT_CONCEPT_ID,3002752,chloride_ur_24h,,,,,,,,,,,,,,,,,,,,,,,,,,
MEASUREMENT,MEASUREMENT_CONCEPT_ID,3006567,chloride_ur_24h_t,,,,,,,,,,,,,,,,,,,,,,,,,,
MEASUREMENT,MEASUREMENT_CONCEPT_ID,3031809,chpd_ur_24h,,,,,,,,,,,,,,,,,,,,,,,,,,
MEASUREMENT,MEASUREMENT_CONCEPT_ID,"1001616, 1001653, 3007760, 3016723, 3018968, 3019397, 3020564, 3022243, 3029545, 3032720, 3033962, 3035090, 3035529, 3038298, 3038523, 3038530, 3038585, 3038670, 3038809, 3038813, 3038833, 3038867, 3038868, 3039256, 3039258, 3039284, 3039552, 3039797, 3039819, 3039839, 3039840, 3039858, 3040209, 3040365, 3040374, 3040495, 3040566, 3040569, 3040585, 3040604, 3040676, 3040706, 3040883, 3040886, 3040993, 3041167, 3041199, 3041320, 3041328, 3041441, 3041445, 3041471, 3041576, 3041585, 3041587, 3041716, 3041723, 3041735, 3041923, 3042043, 3042180, 3042192, 3042312, 3042427, 3042460, 3042477, 3042488, 3042610, 3043664, 3043675, 3043912, 3043952, 3044274, 3044556, 3044558, 3045369, 3051825, 3964702, 4013964, 4195331, 4197967, 4199025, 40762887, 40765162, 43055236, 46235076",creatinine,,,,,,,,,,,,,,,,,,,,,,,,,,
MEASUREMENT,MEASUREMENT_CONCEPT_ID,3017250,creatinine_ur,,,,,,,,,,,,,,,,,,,,,,,,,,
MEASUREMENT,MEASUREMENT_CONCEPT_ID,3001349,creatinine_ur_24h,,,,,,,,,,,,,,,,,,,,,,,,,,
MEASUREMENT,MEASUREMENT_CONCEPT_ID,3004239,creatinine_ur_24h_t,,,,,,,,,,,,,,,,,,,,,,,,,,
MEASUREMENT,MEASUREMENT_CONCEPT_ID,"3009508, 3019491",creatinine_ur_mol,,,,,,,,,,,,,,,,,,,,,,,,,,
MEASUREMENT,MEASUREMENT_CONCEPT_ID,3039075,cryoprecipitate_units,,,,,,,,,,,,,,,,,,,,,,,,,,
MEASUREMENT,MEASUREMENT_CONCEPT_ID,3014369,cryoprecipitate_volume_ml,,,,,,,,,,,,,,,,,,,,,,,,,,
MEASUREMENT,MEASUREMENT_CONCEPT_ID,"3010457, 43055372, 3013115, 3009932, 3015956, 43055367, 3028615, 3006504, 37208633, 37393857",eosinophils,,,,,,,,,,,,,,,,,,,,,,,,,,
MEASUREMENT,MEASUREMENT_CONCEPT_ID,"3006504, 3010457, 3015956",eosinophils_per,,,,,,,,,,,,,,,,,,,,,,,,,,
MEASUREMENT,MEASUREMENT_CONCEPT_ID,"4015181, 3013707, 42528622, 4016246, 3013688, 4284842, 4272950, 4014496, 4212065, 3045567, 3022521, 3015183",esr,,,,,,,,,,,,,,,,,,,,,,,,,,
MEASUREMENT,MEASUREMENT_CONCEPT_ID,3040962,ffp_units,,,,,,,,,,,,,,,,,,,,,,,,,,
MEASUREMENT,MEASUREMENT_CONCEPT_ID,3022467,ffp_volume_ml,,,,,,,,,,,,,,,,,,,,,,,,,,
MEASUREMENT,MEASUREMENT_CONCEPT_ID,"1002230, 1761753, 3000483, 3001501, 3001511, 3002009, 3002332, 3002666, 3003541, 3004077, 3004501, 3006669, 3007821, 3010030, 3010044, 3011424, 3012635, 3012792, 3013826, 3014053, 3014305, 3017703, 3018251, 3019474, 3020193, 3020491, 3024762, 3025211, 3025866, 3026536, 3026728, 3028944, 3029014, 3030416, 3031266, 3031928, 3031929, 3032230, 3032719, 3032779, 3032780, 3032986, 3033408, 3034962, 3035250, 3036671, 3037110, 3037187, 3038515, 3038962, 3039439, 3039739, 3039997, 3040151, 3040820, 3041930, 3042469, 3043032, 3043536, 3044242, 3044522, 3045067, 3045291, 3045318, 3048522, 3048585, 3048856, 3049466, 3049496, 3050095, 3050134, 3050625, 3050771, 3052381, 3053004, 3966401, 4017758, 4018315, 4041723, 4041724, 4041725, 4042759, 4078281, 4116187, 4120298, 4135545, 4144235, 4146454, 4147409, 4150337, 4150338, 4153111, 4153112, 4156660, 4193852, 4193853, 4193854, 4193855, 4195213, 4197835, 4198718, 4198719, 4198731, 4198732, 4198733, 4198742, 4198743, 4209122, 4209254, 4218282, 4234906, 4258832, 4331286, 36303387, 36304599, 40757379, 40757381, 40757385, 40757388, 40757392, 40757393, 40757399, 40757403, 40757531, 40757626, 40762873, 40762874, 40762875, 40762876, 43055143, 44805579, 44816672, 46235168, 46236948, 46236950",glucose,,,,,,,,,,,,,,,,,,,,,,,,,,
MEASUREMENT,MEASUREMENT_CONCEPT_ID,"3026071, 3003541, 3008804, 3014716, 3016699, 3007332, 3006717, 3025673, 3021737, 3013604, 3027457, 3009582, 3000940, 3021860, 3026300, 3027198, 3010300, 3022285",glucose_post,,,,,,,,,,,,,,,,,,,,,,,,,,
MEASUREMENT,MEASUREMENT_CONCEPT_ID,3005478,glucose_t,,,,,,,,,,,,,,,,,,,,,,,,,,
MEASUREMENT,MEASUREMENT_CONCEPT_ID,"4192542, 4131031, 3008770, 3035214, 44786994, 3005570, 3039896, 40483659, 4149386, 3024629, 4289453, 40762249, 4055970, 40481772, 4151414, 4149883, 3020399",glucose_ur,,,,,,,,,,,,,,,,,,,,,,,,,,
MEASUREMENT,MEASUREMENT_CONCEPT_ID,"4184637, 3034639, 44793001, 2212393, 4197971",hba1c,,,,,,,,,,,,,,,,,,,,,,,,,,
MEASUREMENT,MEASUREMENT_CONCEPT_ID,"4260198, 4151358, 4016241, 3050746, 3013752, 42869588, 3019909, 3010748, 3009542, 3023314, 37209030, 37393840",hematocrit,,,,,,,,,,,,,,,,,,,,,,,,,,
MEASUREMENT,MEASUREMENT_CONCEPT_ID,"3006239, 21490721, 3002173, 1002216, 3004119, 46235392, 3048275, 3027484, 40762351, 3000963, 40758903",hgb,,,,,,,,,,,,,,,,,,,,,,,,,,
MEASUREMENT,MEASUREMENT_CONCEPT_ID,"3009131, 3017572, 3045405, 3032358, 3020428, 3020784, 3021009, 3001258, 3013530, 3018738, 3003515",hgb_electrophoresis,,,,,,,,,,,,,,,,,,,,,,,,,,
MEASUREMENT,MEASUREMENT_CONCEPT_ID,"4016242, 3030267, 3002719, 3049185",hgb_ur,,,,,,,,,,,,,,,,,,,,,,,,,,
MEASUREMENT,MEASUREMENT_CONCEPT_ID,"3050479, 42869452, 3040168, 3041084",immgranulocytes,,,,,,,,,,,,,,,,,,,,,,,,,,
MEASUREMENT,MEASUREMENT_CONCEPT_ID,"3028271, 3035561, 3040968, 3047181, 37393139, 37393251, 37394005, 37398705, 40762125, 3002106, 3005491, 3005949, 3008037, 3014111, 3018405, 3020138, 3020410",lactate,,,,,,,,,,,,,,,,,,,,,,,,,,
MEASUREMENT,MEASUREMENT_CONCEPT_ID,"3003215, 3004327, 4015169, 4016229, 4152974, 4254663, 4293725, 37208689, 40487382",lymphocytes,,,,,,,,,,,,,,,,,,,,,,,,,,
MEASUREMENT,MEASUREMENT_CONCEPT_ID,"3037511, 3038058, 4156652, 37208690",lymphocytes_per,,,,,,,,,,,,,,,,,,,,,,,,,,
MEASUREMENT,MEASUREMENT_CONCEPT_ID,"3012030, 3035941, 37398674, 40762531",mch,,,,,,,,,,,,,,,,,,,,,,,,,,
MEASUREMENT,MEASUREMENT_CONCEPT_ID,"3003338, 3009744, 37393850, 40762530",mchc,,,,,,,,,,,,,,,,,,,,,,,,,,
MEASUREMENT,MEASUREMENT_CONCEPT_ID,"3023599, 3024731, 37393851",mcv,,,,,,,,,,,,,,,,,,,,,,,,,,
MEASUREMENT,MEASUREMENT_CONCEPT_ID,36303322,mdw,,,,,,,,,,,,,,,,,,,,,,,,,,
MEASUREMENT,MEASUREMENT_CONCEPT_ID,"3005147, 4204561, 40481360, 40759161",methhem,,,,,,,,,,,,,,,,,,,,,,,,,,
MEASUREMENT,MEASUREMENT_CONCEPT_ID,3005031,microalbumin_24h,,,,,,,,,,,,,,,,,,,,,,,,,,
MEASUREMENT,MEASUREMENT_CONCEPT_ID,"3005577, 3049506, 40761549",microalbumin_24h_t,,,,,,,,,,,,,,,,,,,,,,,,,,
MEASUREMENT,MEASUREMENT_CONCEPT_ID,"2106273, 2106274, 2212189, 3000034, 4020542, 4021120, 4135536, 4263307",microalbumin_ur,,,,,,,,,,,,,,,,,,,,,,,,,,
MEASUREMENT,MEASUREMENT_CONCEPT_ID,"3001604, 3033575, 3034107, 37208691, 37393859",monocytes,,,,,,,,,,,,,,,,,,,,,,,,,,
MEASUREMENT,MEASUREMENT_CONCEPT_ID,"3019069, 3011948, 3022407",monocytes_per,,,,,,,,,,,,,,,,,,,,,,,,,,
MEASUREMENT,MEASUREMENT_CONCEPT_ID,"3043111, 4192368",mpv,,,,,,,,,,,,,,,,,,,,,,,,,,
MEASUREMENT,MEASUREMENT_CONCEPT_ID,"3013650, 3017501, 37208699",neutrophil,,,,,,,,,,,,,,,,,,,,,,,,,,
MEASUREMENT,MEASUREMENT_CONCEPT_ID,"3007591, 4100147",neutrophil_per_band,,,,,,,,,,,,,,,,,,,,,,,,,,
MEASUREMENT,MEASUREMENT_CONCEPT_ID,3018199,neutrophils_band,,,,,,,,,,,,,,,,,,,,,,,,,,
MEASUREMENT,MEASUREMENT_CONCEPT_ID,"3027368, 3017354, 3018010, 3008342",neutrophils_per,,,,,,,,,,,,,,,,,,,,,,,,,,
MEASUREMENT,MEASUREMENT_CONCEPT_ID,"2786759, 2786771, 2786776, 3013502, 3016502, 4013965",o2sata,,,,,,,,,,,,,,,,,,,,,,,,,,
MEASUREMENT,MEASUREMENT_CONCEPT_ID,3009704,output_stool,,,,,,,,,,,,,,,,,,,,,,,,,,
MEASUREMENT,MEASUREMENT_CONCEPT_ID,3020876,p24,,,,,,,,,,,,,,,,,,,,,,,,,,
MEASUREMENT,MEASUREMENT_CONCEPT_ID,3044927,p_panel,,,,,,,,,,,,,,,,,,,,,,,,,,
MEASUREMENT,MEASUREMENT_CONCEPT_ID,"3022803, 3027801, 37392673",pao2,,,,,,,,,,,,,,,,,,,,,,,,,,
MEASUREMENT,MEASUREMENT_CONCEPT_ID,"3027946, 3045156, 4042749",pco2a,,,,,,,,,,,,,,,,,,,,,,,,,,
MEASUREMENT,MEASUREMENT_CONCEPT_ID,"1616438, 1617447, 3009343, 3010421, 3012388, 3012544, 3018418, 3019977, 3029473, 3030091, 3030238, 3038999, 3040135, 4243951, 37392672, 37393459, 37399161, 40484183, 40485069",ph,,,,,,,,,,,,,,,,,,,,,,,,,,
MEASUREMENT,MEASUREMENT_CONCEPT_ID,"3015736, 3029305, 3022621",ph_ur,,,,,,,,,,,,,,,,,,,,,,,,,,
MEASUREMENT,MEASUREMENT_CONCEPT_ID,"1616298, 3006297, 3007461, 3010834, 3016682, 3024929, 3031586, 3033641, 21492791, 37208696, 44787107",platelet,,,,,,,,,,,,,,,,,,,,,,,,,,
MEASUREMENT,MEASUREMENT_CONCEPT_ID,3012859,platelets_volume_ml,,,,,,,,,,,,,,,,,,,,,,,,,,
MEASUREMENT,MEASUREMENT_CONCEPT_ID,"3027801, 4094581, 4094582, 4103460",po2a,,,,,,,,,,,,,,,,,,,,,,,,,,
MEASUREMENT,MEASUREMENT_CONCEPT_ID,"1001658, 1002312, 3005456, 3013823, 3015066, 3023103, 3024380, 3024920, 3031219, 3039651, 3040893, 3041354, 3043409, 4154489, 4190900, 4207483, 21490733, 42528882, 46235078",potassium,,,,,,,,,,,,,,,,,,,,,,,,,,
MEASUREMENT,MEASUREMENT_CONCEPT_ID,3016038,potassium_ur,,,,,,,,,,,,,,,,,,,,,,,,,,
MEASUREMENT,MEASUREMENT_CONCEPT_ID,3010796,potassium_ur_24h,,,,,,,,,,,,,,,,,,,,,,,,,,
MEASUREMENT,MEASUREMENT_CONCEPT_ID,3040170,potassium_ur_24h_mt,,,,,,,,,,,,,,,,,,,,,,,,,,
MEASUREMENT,MEASUREMENT_CONCEPT_ID,3016330,potassium_ur_24h_t,,,,,,,,,,,,,,,,,,,,,,,,,,
MEASUREMENT,MEASUREMENT_CONCEPT_ID,3039928,prbc_units,,,,,,,,,,,,,,,,,,,,,,,,,,
MEASUREMENT,MEASUREMENT_CONCEPT_ID,3011477,prbc_volume_ml,,,,,,,,,,,,,,,,,,,,,,,,,,
MEASUREMENT,MEASUREMENT_CONCEPT_ID,"3020416, 3026361, 3027017, 37393849",rbc,,,,,,,,,,,,,,,,,,,,,,,,,,
MEASUREMENT,MEASUREMENT_CONCEPT_ID,"3018379, 3040494, 40757552, 40757558, 4129063, 4054726, 4106316, 4104636, 4103785, 4129064, 4106314, 4129597, 4054393, 4129716, 4054727, 4229277, 4103789, 4129066, 4103613, 4336080, 4103787, 4103786, 4103610, 4104716, 4106312, 4104717, 4226149, 4106315, 4103609, 4103788, 4023910, 4106313, 4103614, 4129598, 4129065, 40757553, 3020206, 40757559, 40757551, 3038740, 3039027, 3011477, 3039928",rbc_transfusion,,,,,,,,,,,,,,,,,,,,,,,,,,
MEASUREMENT,MEASUREMENT_CONCEPT_ID,"3009105, 4016235",rbc_ur,,,,,,,,,,,,,,,,,,,,,,,,,,
MEASUREMENT,MEASUREMENT_CONCEPT_ID,3045424,rbc_ur_pres,,,,,,,,,,,,,,,,,,,,,,,,,,
MEASUREMENT,MEASUREMENT_CONCEPT_ID,"3009105, 40760857",rbc_ur_v,,,,,,,,,,,,,,,,,,,,,,,,,,
MEASUREMENT,MEASUREMENT_CONCEPT_ID,"3019897, 4281085, 37397924",rdw,,,,,,,,,,,,,,,,,,,,,,,,,,
MEASUREMENT,MEASUREMENT_CONCEPT_ID,"3045687, 3044783",scr_ur_24h,,,,,,,,,,,,,,,,,,,,,,,,,,
MEASUREMENT,MEASUREMENT_CONCEPT_ID,"36305398, 4094595, 3013721, 3037081",serum_asparate,,,,,,,,,,,,,,,,,,,,,,,,,,
MEASUREMENT,MEASUREMENT_CONCEPT_ID,"4094586, 4097882, 4097883, 4096223, 3010140, 3009293, 3015632, 3009609, 46235079, 3014094, 3018225",serum_co2,,,,,,,,,,,,,,,,,,,,,,,,,,
MEASUREMENT,MEASUREMENT_CONCEPT_ID,"3027389, 1617100, 3025817, 3015235, 4227915, 1616794, 4136729, 3008152, 3050416, 3027273, 40483572, 42868453, 40482791, 3004490, 4194291, 3006576, 4150494, 3014218, 4293728, 44806592, 3016293, 3006538, 4133759, 3007628, 40757490",serum_hco3,,,,,,,,,,,,,,,,,,,,,,,,,,
MEASUREMENT,MEASUREMENT_CONCEPT_ID,"3032080, 3051593, 3196407, 4131379, 4261078, 44793006, 44813798",serum_inr,,,,,,,,,,,,,,,,,,,,,,,,,,
MEASUREMENT,MEASUREMENT_CONCEPT_ID,"3033543, 3039919, 3019150, 3000330",sg,,,,,,,,,,,,,,,,,,,,,,,,,,
MEASUREMENT,MEASUREMENT_CONCEPT_ID,"3000285, 3019550, 3043706, 37208679, 37208680, 37392172, 37393103, 37393464",sodium,,,,,,,,,,,,,,,,,,,,,,,,,,
MEASUREMENT,MEASUREMENT_CONCEPT_ID,3046391,sodium_u_24hr,,,,,,,,,,,,,,,,,,,,,,,,,,
MEASUREMENT,MEASUREMENT_CONCEPT_ID,3003181,sodium_ur,,,,,,,,,,,,,,,,,,,,,,,,,,
MEASUREMENT,MEASUREMENT_CONCEPT_ID,3014485,sodium_ur_24h,,,,,,,,,,,,,,,,,,,,,,,,,,
MEASUREMENT,MEASUREMENT_CONCEPT_ID,3002079,sodium_ur_24h_t,,,,,,,,,,,,,,,,,,,,,,,,,,
MEASUREMENT,MEASUREMENT_CONCEPT_ID,"44810017, 40484911, 40484542, 36685446, 40483149, 4196147, 44810016, 37017020, 45770406, 40483108, 4160053, 44813869, 4011919, 40483579, 40483539, 44810015, 40483144, 44810014, 37398626, 36685445, 37397426, 3024928, 4080903, 42869601, 4174454, 40762499, 40762500, 3014295, 40762507, 4133041, 4174435, 3009025, 3016452, 3016978, 3023400, 3014204, 4095045, 3039986, 3004041, 3021901, 1616373, 40484168, 3016502, 42869599, 40770953, 36305237, 4013965, 3017513, 40762505, 3018465, 42869597, 40762503, 3013502, 4098046, 3015419, 3011367, 40762501, 42869606, 3016095, 4140593, 42869607, 3005797, 40762506, 3014119, 44786762, 42869603, 3015560, 36304254, 3016320, 3013808, 4084284, 44808982, 4096100, 4095044, 3007240, 42869600, 3041253, 42869602, 40762504, 4152650, 3006138, 3008344, 40762498, 40762508, 4091874, 42869596, 44783377, 3006845, 40762502, 40762509, 42869598, 4096101, 42869604, 42869608, 4310328, 3039426, 4020553, 21492232",spo2,,,,,,,,,,,,,,,,,,,,,,,,,,
MEASUREMENT,MEASUREMENT_CONCEPT_ID,"3032971, 3033745, 4007805, 4010039, 4024787, 4198748, 4209251",troponin_i,,,,,,,,,,,,,,,,,,,,,,,,,,
MEASUREMENT,MEASUREMENT_CONCEPT_ID,"1552091, 3019572, 3019800, 3042837, 3048529, 3052931, 3965306, 3965824, 3965886, 3966217, 3966498, 3966706, 4005525, 4010038, 4010497, 4020703, 4042051, 4192937, 40769783, 44805124",troponin_t,,,,,,,,,,,,,,,,,,,,,,,,,,
MEASUREMENT,MEASUREMENT_CONCEPT_ID,"3034485, 37393926, 37398781",uacr,,,,,,,,,,,,,,,,,,,,,,,,,,
MEASUREMENT,MEASUREMENT_CONCEPT_ID,"3014051, 40760845",uap_cat,,,,,,,,,,,,,,,,,,,,,,,,,,
MEASUREMENT,MEASUREMENT_CONCEPT_ID,"3001802, 37398777",umacr,,,,,,,,,,,,,,,,,,,,,,,,,,
MEASUREMENT,MEASUREMENT_CONCEPT_ID,"3018311, 4112223",uncr,,,,,,,,,,,,,,,,,,,,,,,,,,
MEASUREMENT,MEASUREMENT_CONCEPT_ID,"3037791, 3001582",upcr,,,,,,,,,,,,,,,,,,,,,,,,,,
MEASUREMENT,MEASUREMENT_CONCEPT_ID,"3000905, 3010813, 4212899",wbc,,,,,,,,,,,,,,,,,,,,,,,,,,
MEASUREMENT,MEASUREMENT_CONCEPT_ID,3029315,wbc_ur,,,,,,,,,,,,,,,,,,,,,,,,,,
MEASUREMENT,MEASUREMENT_CONCEPT_ID,3045414,wbc_ur_pres,,,,,,,,,,,,,,,,,,,,,,,,,,
MEASUREMENT,MEASUREMENT_CONCEPT_ID,"3051014, 3035583",wbc_ur_sedim,,,,,,,,,,,,,,,,,,,,,,,,,,
MEASUREMENT,MEASUREMENT_CONCEPT_ID,3043507,wbc_ur_sedim_l,,,,,,,,,,,,,,,,,,,,,,,,,,
